,Perturbation,Exp1,Pred1
0,mobley_8525830~mobley_900088,0.11436,0.0
1,mobley_8525830~mobley_9112978,0.07958,0.0
2,mobley_8525830~mobley_9121449,0.09002,0.0
3,mobley_8525830~mobley_9246215,0.06734,0.0
4,mobley_8525830~mobley_929676,0.13761,0.0
5,mobley_8525830~mobley_9733743,0.14716,0.0
6,mobley_8525830~mobley_9838013,0.10245,0.0
7,mobley_8525830~mobley_9883303,0.016625,0.0
8,mobley_852937~mobley_1036761,0.1441,0.0
9,mobley_852937~mobley_1046331,0.09643,0.0
10,mobley_852937~mobley_1079207,0.12206,0.0
11,mobley_852937~mobley_1178614,0.13599,0.0
12,mobley_852937~mobley_1189457,0.01648,0.0
13,mobley_852937~mobley_1424265,0.14159,0.0
14,mobley_852937~mobley_1571523,0.12075,0.0
15,mobley_852937~mobley_1733799,0.1624,0.0
16,mobley_852937~mobley_1755375,0.12724,0.0
17,mobley_852937~mobley_1760914,0.12015,0.0
18,mobley_852937~mobley_1873346,0.15943,0.0
19,mobley_852937~mobley_1905088,0.14438,0.0
20,mobley_852937~mobley_20524,0.15859,0.0
21,mobley_852937~mobley_2123854,0.13607,0.0
22,mobley_852937~mobley_2126135,0.13146,0.0
23,mobley_852937~mobley_2354112,0.13946,0.0
24,mobley_852937~mobley_2451097,0.12584,0.0
25,mobley_852937~mobley_2457863,0.14447,0.0
26,mobley_852937~mobley_2489709,0.08027,0.0
27,mobley_852937~mobley_2661134,0.11677,0.0
28,mobley_852937~mobley_2689721,0.13414,0.0
29,mobley_852937~mobley_2763835,0.117,0.0
30,mobley_852937~mobley_2850833,0.11228,0.0
31,mobley_852937~mobley_2859600,0.13378,0.0
32,mobley_852937~mobley_2923700,0.14723,0.0
33,mobley_852937~mobley_2925352,0.14205,0.0
34,mobley_852937~mobley_3053621,0.16293,0.0
35,mobley_852937~mobley_3144334,0.12857,0.0
36,mobley_852937~mobley_3169935,0.13687,0.0
37,mobley_852937~mobley_3187514,0.152,0.0
38,mobley_852937~mobley_3211679,0.14652,0.0
39,mobley_852937~mobley_3234716,0.15228,0.0
40,mobley_852937~mobley_3398536,0.02947667,0.0
41,mobley_852937~mobley_3515580,0.14025,0.0
42,mobley_852937~mobley_3682850,0.13734,0.0
43,mobley_852937~mobley_3727287,0.1639,0.0
44,mobley_852937~mobley_3969312,0.11801,0.0
45,mobley_852937~mobley_4035953,0.15013,0.0
46,mobley_852937~mobley_4218209,0.1476,0.0
47,mobley_852937~mobley_4395315,0.15187,0.0
48,mobley_852937~mobley_4483973,0.16236,0.0
49,mobley_852937~mobley_4494568,0.15749,0.0
50,mobley_852937~mobley_4553008,0.16384,0.0
51,mobley_852937~mobley_4715906,0.11783,0.0
52,mobley_852937~mobley_4780078,0.13198,0.0
53,mobley_852937~mobley_4883284,0.16104,0.0
54,mobley_852937~mobley_5072416,0.13616,0.0
55,mobley_852937~mobley_5311804,0.050035,0.0
56,mobley_852937~mobley_5518547,0.15243,0.0
57,mobley_852937~mobley_5520946,0.16387,0.0
58,mobley_852937~mobley_6257907,0.15202,0.0
59,mobley_852937~mobley_6571751,0.14209,0.0
60,mobley_852937~mobley_6743808,0.12744,0.0
61,mobley_852937~mobley_7009711,0.13304,0.0
62,mobley_852937~mobley_7010316,0.14844,0.0
63,mobley_852937~mobley_7066554,0.16007,0.0
64,mobley_852937~mobley_7150646,0.14208,0.0
65,mobley_852937~mobley_7200804,0.16245,0.0
66,mobley_852937~mobley_7295828,0.14058,0.0
67,mobley_852937~mobley_755351,0.13813,0.0
68,mobley_852937~mobley_7599023,0.1122,0.0
69,mobley_852937~mobley_7608462,0.13417,0.0
70,mobley_852937~mobley_7688753,0.11784,0.0
71,mobley_852937~mobley_7774695,0.12913,0.0
72,mobley_852937~mobley_7988076,0.12151,0.0
73,mobley_852937~mobley_8057732,0.14962,0.0
74,mobley_852937~mobley_8127829,0.15106,0.0
75,mobley_852937~mobley_8691603,0.15477,0.0
76,mobley_852937~mobley_8723116,0.16556,0.0
77,mobley_852937~mobley_8789465,0.10558,0.0
78,mobley_852937~mobley_9100956,0.13257,0.0
79,mobley_852937~mobley_9139060,0.13947,0.0
80,mobley_852937~mobley_9257453,0.13852,0.0
81,mobley_852937~mobley_9478823,0.13938,0.0
82,mobley_8573194~mobley_1019269,0.15989,0.0
83,mobley_8573194~mobley_1075836,0.15566,0.0
84,mobley_8573194~mobley_1144156,0.15532,0.0
85,mobley_8573194~mobley_1199854,0.1487,0.0
86,mobley_8573194~mobley_1231151,0.05155,0.0
87,mobley_8573194~mobley_1261349,0.04309,0.0
88,mobley_8573194~mobley_1563176,0.14145,0.0
89,mobley_8573194~mobley_1650157,0.10798,0.0
90,mobley_8573194~mobley_1662128,0.16104,0.0
91,mobley_8573194~mobley_1674094,0.15431,0.0
92,mobley_8573194~mobley_1803862,0.14868,0.0
93,mobley_8573194~mobley_1827204,0.09924,0.0
94,mobley_8573194~mobley_186894,0.1631,0.0
95,mobley_8573194~mobley_1875719,0.15134,0.0
96,mobley_8573194~mobley_1881249,0.15708,0.0
97,mobley_8573194~mobley_1899443,0.14338,0.0
98,mobley_8573194~mobley_1903702,0.16438,0.0
99,mobley_8573194~mobley_1923244,0.15029,0.0
100,mobley_8573194~mobley_1963873,0.16326,0.0
101,mobley_8573194~mobley_1967551,0.11991,0.0
102,mobley_8573194~mobley_1977493,0.14668,0.0
103,mobley_8573194~mobley_2068538,0.14449,0.0
104,mobley_8573194~mobley_2143011,0.14702,0.0
105,mobley_8573194~mobley_2178600,0.14309,0.0
106,mobley_8573194~mobley_2213823,0.13043,0.0
107,mobley_8573194~mobley_2245668,0.13003,0.0
108,mobley_8573194~mobley_2294995,0.14742,0.0
109,mobley_8573194~mobley_2310185,0.11583,0.0
110,mobley_8573194~mobley_2422586,0.15677,0.0
111,mobley_8573194~mobley_2487143,0.10358,0.0
112,mobley_8573194~mobley_2792521,0.10537,0.0
113,mobley_8573194~mobley_2802855,0.12193,0.0
114,mobley_8573194~mobley_2864987,0.03089,0.0
115,mobley_8573194~mobley_2929847,0.14998,0.0
116,mobley_8573194~mobley_299266,0.12382,0.0
117,mobley_8573194~mobley_303222,0.04312,0.0
118,mobley_8573194~mobley_3034976,0.13967,0.0
119,mobley_8573194~mobley_313406,0.13685,0.0
120,mobley_8573194~mobley_3259411,0.13492,0.0
121,mobley_8573194~mobley_3269565,0.10637,0.0
122,mobley_8573194~mobley_3414356,0.021,0.0
123,mobley_8573194~mobley_3546460,0.0207,0.0
124,mobley_8573194~mobley_3639400,0.14683,0.0
125,mobley_8573194~mobley_3738859,0.1443,0.0
126,mobley_8573194~mobley_3867265,0.13582,0.0
127,mobley_8573194~mobley_3982371,0.1613,0.0
128,mobley_8573194~mobley_4043951,0.14303,0.0
129,mobley_8573194~mobley_430089,0.16316,0.0
130,mobley_8573194~mobley_4305650,0.10811,0.0
131,mobley_8573194~mobley_4561957,0.12329,0.0
132,mobley_8573194~mobley_4639255,0.1449,0.0
133,mobley_8573194~mobley_4699732,0.12489,0.0
134,mobley_8573194~mobley_4792268,0.02179,0.0
135,mobley_8573194~mobley_4893032,0.14066,0.0
136,mobley_8573194~mobley_511661,0.16038,0.0
137,mobley_8573194~mobley_5123639,0.11915,0.0
138,mobley_8573194~mobley_5157661,0.11674,0.0
139,mobley_8573194~mobley_5286200,0.11502,0.0
140,mobley_8573194~mobley_5310099,0.14291,0.0
141,mobley_8573194~mobley_5390332,0.14675,0.0
142,mobley_8573194~mobley_5449201,0.15899,0.0
143,mobley_8573194~mobley_5627459,0.08736,0.0
144,mobley_8573194~mobley_5690766,0.13436,0.0
145,mobley_8573194~mobley_5759258,0.03002333,0.0
146,mobley_8573194~mobley_5816127,0.1619,0.0
147,mobley_8573194~mobley_5935995,0.12408,0.0
148,mobley_8573194~mobley_5973402,0.14616,0.0
149,mobley_8573194~mobley_6235784,0.14224,0.0
150,mobley_8573194~mobley_627267,0.0991,0.0
151,mobley_8573194~mobley_6497672,0.15703,0.0
152,mobley_8573194~mobley_6632459,0.14509,0.0
153,mobley_8573194~mobley_7758918,0.1466,0.0
154,mobley_8573194~mobley_778352,0.14354,0.0
155,mobley_8573194~mobley_7983227,0.01604,0.0
156,mobley_8573194~mobley_8118832,0.14274,0.0
157,mobley_8573194~mobley_820789,0.15855,0.0
158,mobley_8573194~mobley_8221999,0.16281,0.0
159,mobley_8573194~mobley_8427539,0.15835,0.0
160,mobley_8573194~mobley_8492526,0.1201,0.0
161,mobley_8573194~mobley_8765203,0.14867,0.0
162,mobley_8573194~mobley_8772587,0.01869,0.0
163,mobley_8573194~mobley_9112978,0.15015,0.0
164,mobley_8573194~mobley_9121449,0.11667,0.0
165,mobley_8573194~mobley_9246215,0.15505,0.0
166,mobley_8573194~mobley_9434451,0.022565,0.0
167,mobley_8573194~mobley_9624458,0.1231,0.0
168,mobley_8573194~mobley_9733743,0.15999,0.0
169,mobley_8573194~mobley_9838013,0.14017,0.0
170,mobley_8578590~mobley_1708457,0.11775,0.0
171,mobley_8578590~mobley_1800170,0.15105,0.0
172,mobley_8578590~mobley_2049967,0.06526,0.0
173,mobley_8578590~mobley_4850657,0.13207,0.0
174,mobley_8578590~mobley_4983965,0.055635,0.0
175,mobley_8578590~mobley_7690440,0.050355,0.0
176,mobley_8578590~mobley_9073553,0.13186,0.0
177,mobley_859464~mobley_1722522,0.07457,0.0
178,mobley_859464~mobley_1781152,0.10999,0.0
179,mobley_859464~mobley_2364370,0.1394,0.0
180,mobley_859464~mobley_3686115,0.11115,0.0
181,mobley_859464~mobley_3690931,0.12335,0.0
182,mobley_859464~mobley_4687447,0.14377,0.0
183,mobley_859464~mobley_4924862,0.14202,0.0
184,mobley_859464~mobley_5471704,0.12214,0.0
185,mobley_859464~mobley_5880265,0.11682,0.0
186,mobley_859464~mobley_5890803,0.13804,0.0
187,mobley_859464~mobley_6456034,0.13302,0.0
188,mobley_859464~mobley_6973347,0.13593,0.0
189,mobley_859464~mobley_6981465,0.10206,0.0
190,mobley_859464~mobley_7455579,0.16194,0.0
191,mobley_859464~mobley_7542832,0.12286,0.0
192,mobley_859464~mobley_7573149,0.16149,0.0
193,mobley_859464~mobley_7913234,0.13107,0.0
194,mobley_859464~mobley_7943327,0.14823,0.0
195,mobley_859464~mobley_7983227,0.1145,0.0
196,mobley_859464~mobley_8514745,0.12182,0.0
197,mobley_859464~mobley_8739734,0.13694,0.0
198,mobley_859464~mobley_8754702,0.14066,0.0
199,mobley_859464~mobley_9028462,0.12932,0.0
200,mobley_859464~mobley_9114381,0.11711,0.0
201,mobley_859464~mobley_9626434,0.1527,0.0
202,mobley_8614858~mobley_1017962,0.14951,0.0
203,mobley_8614858~mobley_1019269,0.12497,0.0
204,mobley_8614858~mobley_1139153,0.037715,0.0
205,mobley_8614858~mobley_1235151,0.11545,0.0
206,mobley_8614858~mobley_1502181,0.10969,0.0
207,mobley_8614858~mobley_1563176,0.15545,0.0
208,mobley_8614858~mobley_1662128,0.14843,0.0
209,mobley_8614858~mobley_1674094,0.10149,0.0
210,mobley_8614858~mobley_1735893,0.16098,0.0
211,mobley_8614858~mobley_1803862,0.12241,0.0
212,mobley_8614858~mobley_1827204,0.16304,0.0
213,mobley_8614858~mobley_1875719,0.1459,0.0
214,mobley_8614858~mobley_1881249,0.15033,0.0
215,mobley_8614858~mobley_1893937,0.14594,0.0
216,mobley_8614858~mobley_1899443,0.13728,0.0
217,mobley_8614858~mobley_1903702,0.14521,0.0
218,mobley_8614858~mobley_1923244,0.15296,0.0
219,mobley_8614858~mobley_1976156,0.10226,0.0
220,mobley_8614858~mobley_2143011,0.11704,0.0
221,mobley_8614858~mobley_2178600,0.14081,0.0
222,mobley_8614858~mobley_2197088,0.1297,0.0
223,mobley_8614858~mobley_2213823,0.1294,0.0
224,mobley_8614858~mobley_2341732,0.16304,0.0
225,mobley_8614858~mobley_2390199,0.15396,0.0
226,mobley_8614858~mobley_2487143,0.15445,0.0
227,mobley_8614858~mobley_2517158,0.12727,0.0
228,mobley_8614858~mobley_252413,0.09664,0.0
229,mobley_8614858~mobley_2609604,0.09673,0.0
230,mobley_8614858~mobley_2792521,0.15568,0.0
231,mobley_8614858~mobley_2802855,0.15446,0.0
232,mobley_8614858~mobley_2864987,0.14686,0.0
233,mobley_8614858~mobley_2929847,0.1279,0.0
234,mobley_8614858~mobley_3060426,0.04349,0.0
235,mobley_8614858~mobley_3167746,0.158,0.0
236,mobley_8614858~mobley_3318135,0.1389,0.0
237,mobley_8614858~mobley_3378420,0.014682,0.0
238,mobley_8614858~mobley_3414356,0.11406,0.0
239,mobley_8614858~mobley_3546460,0.14673,0.0
240,mobley_8614858~mobley_3573480,0.1548,0.0
241,mobley_8614858~mobley_3639400,0.14698,0.0
242,mobley_8614858~mobley_3709920,0.14373,0.0
243,mobley_8614858~mobley_3738859,0.15727,0.0
244,mobley_8614858~mobley_4013838,0.08978,0.0
245,mobley_8614858~mobley_4043951,0.14504,0.0
246,mobley_8614858~mobley_4043987,0.13625,0.0
247,mobley_8614858~mobley_4177472,0.03799,0.0
248,mobley_8614858~mobley_430089,0.08349,0.0
249,mobley_8614858~mobley_4375719,0.14752,0.0
250,mobley_8614858~mobley_4561957,0.08694,0.0
251,mobley_8614858~mobley_4694328,0.11634,0.0
252,mobley_8614858~mobley_4762983,0.1607,0.0
253,mobley_8614858~mobley_4792268,0.15996,0.0
254,mobley_8614858~mobley_4893032,0.12253,0.0
255,mobley_8614858~mobley_49274,0.12277,0.0
256,mobley_8614858~mobley_511661,0.12572,0.0
257,mobley_8614858~mobley_5123639,0.11909,0.0
258,mobley_8614858~mobley_5286200,0.12642,0.0
259,mobley_8614858~mobley_5346580,0.086,0.0
260,mobley_8614858~mobley_5390332,0.14809,0.0
261,mobley_8614858~mobley_5449201,0.15847,0.0
262,mobley_8614858~mobley_5759258,0.13339,0.0
263,mobley_8614858~mobley_5935995,0.09197,0.0
264,mobley_8614858~mobley_5973402,0.09434,0.0
265,mobley_8614858~mobley_6006813,0.10374,0.0
266,mobley_8614858~mobley_6081058,0.11154,0.0
267,mobley_8614858~mobley_6235784,0.11113,0.0
268,mobley_8614858~mobley_6248915,0.02982333,0.0
269,mobley_8614858~mobley_6497672,0.072685,0.0
270,mobley_8614858~mobley_7106722,0.13522,0.0
271,mobley_8614858~mobley_7142697,0.14193,0.0
272,mobley_8614858~mobley_7203421,0.16262,0.0
273,mobley_8614858~mobley_7227357,0.14255,0.0
274,mobley_8614858~mobley_7610437,0.11474,0.0
275,mobley_8614858~mobley_778352,0.11628,0.0
276,mobley_8614858~mobley_7983227,0.14012,0.0
277,mobley_8614858~mobley_820789,0.15519,0.0
278,mobley_8614858~mobley_8221999,0.10939,0.0
279,mobley_8614858~mobley_8337977,0.11724,0.0
280,mobley_8614858~mobley_8436428,0.10003,0.0
281,mobley_8614858~mobley_8467917,0.16071,0.0
282,mobley_8614858~mobley_8492526,0.1584,0.0
283,mobley_8614858~mobley_8525830,0.15766,0.0
284,mobley_8614858~mobley_8573194,0.15478,0.0
285,mobley_8614858~mobley_8668219,0.10741,0.0
286,mobley_8614858~mobley_8739734,0.11737,0.0
287,mobley_8614858~mobley_8765203,0.11664,0.0
288,mobley_8614858~mobley_8772587,0.14788,0.0
289,mobley_8614858~mobley_900088,0.11169,0.0
290,mobley_8614858~mobley_9015240,0.14236,0.0
291,mobley_8614858~mobley_9112978,0.14294,0.0
292,mobley_8614858~mobley_9121449,0.08745,0.0
293,mobley_8614858~mobley_9246215,0.1316,0.0
294,mobley_8614858~mobley_9407874,0.15252,0.0
295,mobley_8614858~mobley_9733743,0.14402,0.0
296,mobley_8614858~mobley_9838013,0.10204,0.0
297,mobley_8668219~mobley_1019269,0.13031,0.0
298,mobley_8668219~mobley_1139153,0.10333,0.0
299,mobley_8668219~mobley_1235151,0.00379286,0.0
300,mobley_8668219~mobley_1261349,0.04966,0.0
301,mobley_8668219~mobley_1563176,0.12752,0.0
302,mobley_8668219~mobley_1650157,0.11099,0.0
303,mobley_8668219~mobley_1662128,0.1498,0.0
304,mobley_8668219~mobley_1674094,0.10642,0.0
305,mobley_8668219~mobley_1803862,0.14192,0.0
306,mobley_8668219~mobley_1827204,0.08271,0.0
307,mobley_8668219~mobley_1875719,0.14253,0.0
308,mobley_8668219~mobley_1881249,0.13401,0.0
309,mobley_8668219~mobley_1903702,0.12141,0.0
310,mobley_8668219~mobley_1923244,0.14979,0.0
311,mobley_8668219~mobley_2143011,0.12415,0.0
312,mobley_8668219~mobley_2178600,0.10086,0.0
313,mobley_8668219~mobley_2245668,0.15307,0.0
314,mobley_8668219~mobley_2341732,0.09628,0.0
315,mobley_8668219~mobley_2390199,0.09497,0.0
316,mobley_8668219~mobley_2487143,0.10765,0.0
317,mobley_8668219~mobley_2517158,0.08494,0.0
318,mobley_8668219~mobley_2792521,0.07993,0.0
319,mobley_8668219~mobley_2802855,0.02765,0.0
320,mobley_8668219~mobley_2864987,0.15126,0.0
321,mobley_8668219~mobley_2929847,0.13891,0.0
322,mobley_8668219~mobley_299266,0.055645,0.0
323,mobley_8668219~mobley_3060426,0.08683,0.0
324,mobley_8668219~mobley_3167746,0.09089,0.0
325,mobley_8668219~mobley_3414356,0.14818,0.0
326,mobley_8668219~mobley_3546460,0.01679,0.0
327,mobley_8668219~mobley_3573480,0.02816,0.0
328,mobley_8668219~mobley_3639400,0.057115,0.0
329,mobley_8668219~mobley_3738859,0.039005,0.0
330,mobley_8668219~mobley_4013838,0.14313,0.0
331,mobley_8668219~mobley_4043951,0.12029,0.0
332,mobley_8668219~mobley_4043987,0.13449,0.0
333,mobley_8668219~mobley_4177472,0.15253,0.0
334,mobley_8668219~mobley_430089,0.09174,0.0
335,mobley_8668219~mobley_4561957,0.15867,0.0
336,mobley_8668219~mobley_4762983,0.09661,0.0
337,mobley_8668219~mobley_4792268,0.1197,0.0
338,mobley_8668219~mobley_4893032,0.0996,0.0
339,mobley_8668219~mobley_4924862,0.10625,0.0
340,mobley_8668219~mobley_49274,0.10541,0.0
341,mobley_8668219~mobley_5079234,0.0151,0.0
342,mobley_8668219~mobley_511661,0.14672,0.0
343,mobley_8668219~mobley_5123639,0.14807,0.0
344,mobley_8668219~mobley_5157661,0.13032,0.0
345,mobley_8668219~mobley_5286200,0.019795,0.0
346,mobley_8668219~mobley_5310099,0.11076,0.0
347,mobley_8668219~mobley_5346580,0.13382,0.0
348,mobley_8668219~mobley_5390332,0.10727,0.0
349,mobley_8668219~mobley_5449201,0.13559,0.0
350,mobley_8668219~mobley_5627459,0.15028,0.0
351,mobley_8668219~mobley_5690766,0.11978,0.0
352,mobley_8668219~mobley_5759258,0.11937,0.0
353,mobley_8668219~mobley_5935995,0.10266,0.0
354,mobley_8668219~mobley_5973402,0.15572,0.0
355,mobley_8668219~mobley_6006813,0.041775,0.0
356,mobley_8668219~mobley_6060301,0.01682,0.0
357,mobley_8668219~mobley_6235784,0.13799,0.0
358,mobley_8668219~mobley_6250025,0.09033,0.0
359,mobley_8668219~mobley_627267,0.1441,0.0
360,mobley_8668219~mobley_6497672,0.14223,0.0
361,mobley_8668219~mobley_6812653,0.10901,0.0
362,mobley_8668219~mobley_6896128,0.11805,0.0
363,mobley_8668219~mobley_7047032,0.02894667,0.0
364,mobley_8668219~mobley_7106722,0.16022,0.0
365,mobley_8668219~mobley_7142697,0.11651,0.0
366,mobley_8668219~mobley_718988,0.00667167,0.0
367,mobley_8668219~mobley_7203421,0.014065,0.0
368,mobley_8668219~mobley_7227357,0.15025,0.0
369,mobley_8668219~mobley_7455579,0.14506,0.0
370,mobley_8668219~mobley_7610437,0.14425,0.0
371,mobley_8668219~mobley_7769613,0.0172775,0.0
372,mobley_8668219~mobley_778352,0.14423,0.0
373,mobley_8668219~mobley_7859387,0.03851,0.0
374,mobley_8668219~mobley_7977115,0.1272,0.0
375,mobley_8668219~mobley_7983227,0.15473,0.0
376,mobley_8668219~mobley_820789,0.12612,0.0
377,mobley_8668219~mobley_8221999,0.06016,0.0
378,mobley_8668219~mobley_8337977,0.15061,0.0
379,mobley_8668219~mobley_8436428,0.13793,0.0
380,mobley_8668219~mobley_8467917,0.10324,0.0
381,mobley_8668219~mobley_8492526,0.12734,0.0
382,mobley_8668219~mobley_8522124,0.08974,0.0
383,mobley_8668219~mobley_8525830,0.0165625,0.0
384,mobley_8668219~mobley_8573194,0.14384,0.0
385,mobley_8668219~mobley_8614858,0.09515,0.0
386,mobley_8668219~mobley_8739734,0.13961,0.0
387,mobley_8668219~mobley_8765203,0.07516,0.0
388,mobley_8668219~mobley_900088,0.15148,0.0
389,mobley_8668219~mobley_9112978,0.14121,0.0
390,mobley_8668219~mobley_9121449,0.050725,0.0
391,mobley_8668219~mobley_9197172,0.07518,0.0
392,mobley_8668219~mobley_9246215,0.11437,0.0
393,mobley_8668219~mobley_929676,0.09125,0.0
394,mobley_8668219~mobley_9733743,0.13435,0.0
395,mobley_8668219~mobley_9794857,0.11997,0.0
396,mobley_8668219~mobley_9838013,0.11909,0.0
397,mobley_8668219~mobley_9883303,0.13372,0.0
398,mobley_8685905~mobley_1838110,0.15002,0.0
399,mobley_8685905~mobley_3006808,0.12632,0.0
400,mobley_8685905~mobley_3370989,0.08129,0.0
401,mobley_8685905~mobley_5494918,0.12372,0.0
402,mobley_8685905~mobley_628086,0.12511,0.0
403,mobley_8685905~mobley_676247,0.14753,0.0
404,mobley_8685905~mobley_7732703,0.15243,0.0
405,mobley_8685905~mobley_8191186,0.11497,0.0
406,mobley_8685905~mobley_9028462,0.1122,0.0
407,mobley_8685905~mobley_9979854,0.12652,0.0
408,mobley_8691603~mobley_1036761,0.13962,0.0
409,mobley_8691603~mobley_1046331,0.015338,0.0
410,mobley_8691603~mobley_1079207,0.02294333,0.0
411,mobley_8691603~mobley_1178614,0.12375,0.0
412,mobley_8691603~mobley_1189457,0.013662,0.0
413,mobley_8691603~mobley_1424265,0.14803,0.0
414,mobley_8691603~mobley_1449384,0.014104,0.0
415,mobley_8691603~mobley_1571523,0.1508,0.0
416,mobley_8691603~mobley_1728386,0.16008,0.0
417,mobley_8691603~mobley_1733799,0.11406,0.0
418,mobley_8691603~mobley_1755375,0.16115,0.0
419,mobley_8691603~mobley_1760914,0.13701,0.0
420,mobley_8691603~mobley_1858644,0.02930333,0.0
421,mobley_8691603~mobley_1873346,0.16054,0.0
422,mobley_8691603~mobley_1905088,0.12207,0.0
423,mobley_8691603~mobley_1987439,0.15464,0.0
424,mobley_8691603~mobley_2043882,0.012182,0.0
425,mobley_8691603~mobley_20524,0.16031,0.0
426,mobley_8691603~mobley_2123854,0.11181,0.0
427,mobley_8691603~mobley_2126135,0.017535,0.0
428,mobley_8691603~mobley_2183616,0.012634,0.0
429,mobley_8691603~mobley_2354112,0.15861,0.0
430,mobley_8691603~mobley_2451097,0.11592,0.0
431,mobley_8691603~mobley_2457863,0.019245,0.0
432,mobley_8691603~mobley_2484519,0.13672,0.0
433,mobley_8691603~mobley_2489709,0.11582,0.0
434,mobley_8691603~mobley_2613240,0.01246,0.0
435,mobley_8691603~mobley_2661134,0.1534,0.0
436,mobley_8691603~mobley_2681549,0.122,0.0
437,mobley_8691603~mobley_2751110,0.11571,0.0
438,mobley_8691603~mobley_2850833,0.15813,0.0
439,mobley_8691603~mobley_2859600,0.15387,0.0
440,mobley_8691603~mobley_2925352,0.16054,0.0
441,mobley_8691603~mobley_3040612,0.01916,0.0
442,mobley_8691603~mobley_3053621,0.15164,0.0
443,mobley_8691603~mobley_3144334,0.15543,0.0
444,mobley_8691603~mobley_3169935,0.12965,0.0
445,mobley_8691603~mobley_3183805,0.14538,0.0
446,mobley_8691603~mobley_3187514,0.16268,0.0
447,mobley_8691603~mobley_3211679,0.012528,0.0
448,mobley_8691603~mobley_3234716,0.1506,0.0
449,mobley_8691603~mobley_3398536,0.12358,0.0
450,mobley_8691603~mobley_3452749,0.14723,0.0
451,mobley_8691603~mobley_349850,0.016905,0.0
452,mobley_8691603~mobley_3515580,0.0214,0.0
453,mobley_8691603~mobley_3727287,0.13166,0.0
454,mobley_8691603~mobley_3968739,0.061375,0.0
455,mobley_8691603~mobley_3969312,0.16418,0.0
456,mobley_8691603~mobley_3980099,0.07755,0.0
457,mobley_8691603~mobley_4035953,0.16247,0.0
458,mobley_8691603~mobley_4193752,0.13515,0.0
459,mobley_8691603~mobley_4218209,0.0193425,0.0
460,mobley_8691603~mobley_4252724,0.0205175,0.0
461,mobley_8691603~mobley_4395315,0.15315,0.0
462,mobley_8691603~mobley_4483973,0.15817,0.0
463,mobley_8691603~mobley_4494568,0.12357,0.0
464,mobley_8691603~mobley_4683624,0.013458,0.0
465,mobley_8691603~mobley_4715906,0.12259,0.0
466,mobley_8691603~mobley_5063386,0.11293,0.0
467,mobley_8691603~mobley_5311804,0.16075,0.0
468,mobley_8691603~mobley_5326154,0.0184125,0.0
469,mobley_8691603~mobley_5518547,0.16274,0.0
470,mobley_8691603~mobley_5616693,0.0177425,0.0
471,mobley_8691603~mobley_5747188,0.0160425,0.0
472,mobley_8691603~mobley_6571751,0.14289,0.0
473,mobley_8691603~mobley_6743808,0.15635,0.0
474,mobley_8691603~mobley_6978427,0.020045,0.0
475,mobley_8691603~mobley_7009711,0.1587,0.0
476,mobley_8691603~mobley_7066554,0.1253,0.0
477,mobley_8691603~mobley_7176290,0.14577,0.0
478,mobley_8691603~mobley_7200804,0.15596,0.0
479,mobley_8691603~mobley_7295828,0.016698,0.0
480,mobley_8691603~mobley_7298388,0.045325,0.0
481,mobley_8691603~mobley_7463799,0.01023,0.0
482,mobley_8691603~mobley_7688753,0.15363,0.0
483,mobley_8691603~mobley_7814642,0.041445,0.0
484,mobley_8691603~mobley_7893124,0.014614,0.0
485,mobley_8691603~mobley_8057732,0.16437,0.0
486,mobley_8691603~mobley_8127829,0.15074,0.0
487,mobley_8691603~mobley_8337722,0.11607,0.0
488,mobley_8691603~mobley_8789465,0.02801333,0.0
489,mobley_8691603~mobley_8809190,0.01020167,0.0
490,mobley_8691603~mobley_8809274,0.15109,0.0
491,mobley_8691603~mobley_8883511,0.1142,0.0
492,mobley_8691603~mobley_9100956,0.14392,0.0
493,mobley_8691603~mobley_9139060,0.10775,0.0
494,mobley_8691603~mobley_9257453,0.03731,0.0
495,mobley_8691603~mobley_9478823,0.15058,0.0
496,mobley_8691603~mobley_9653690,0.01025,0.0
497,mobley_8691603~mobley_9740891,0.0221,0.0
498,mobley_8691603~mobley_9942801,0.017915,0.0
499,mobley_8705848~mobley_1963873,0.10678,0.0
500,mobley_8705848~mobley_2958326,0.08696,0.0
501,mobley_8705848~mobley_8426916,0.1402,0.0
502,mobley_8713762~mobley_1352110,0.13496,0.0
503,mobley_8739734~mobley_1019269,0.13819,0.0
504,mobley_8739734~mobley_1075836,0.13952,0.0
505,mobley_8739734~mobley_1662128,0.1441,0.0
506,mobley_8739734~mobley_1803862,0.15284,0.0
507,mobley_8739734~mobley_1881249,0.13575,0.0
508,mobley_8739734~mobley_1923244,0.15565,0.0
509,mobley_8739734~mobley_2213823,0.15179,0.0
510,mobley_8739734~mobley_252413,0.12993,0.0
511,mobley_8739734~mobley_2609604,0.12296,0.0
512,mobley_8739734~mobley_2929847,0.15894,0.0
513,mobley_8739734~mobley_299266,0.14912,0.0
514,mobley_8739734~mobley_3867265,0.13351,0.0
515,mobley_8739734~mobley_4043951,0.13548,0.0
516,mobley_8739734~mobley_4561957,0.1552,0.0
517,mobley_8739734~mobley_4893032,0.11351,0.0
518,mobley_8739734~mobley_5157661,0.15729,0.0
519,mobley_8739734~mobley_5346580,0.15528,0.0
520,mobley_8739734~mobley_5449201,0.12758,0.0
521,mobley_8739734~mobley_5627459,0.16282,0.0
522,mobley_8739734~mobley_5690766,0.1073,0.0
523,mobley_8739734~mobley_5935995,0.14672,0.0
524,mobley_8739734~mobley_5973402,0.16499,0.0
525,mobley_8739734~mobley_627267,0.09216,0.0
526,mobley_8739734~mobley_6632459,0.06541,0.0
527,mobley_8739734~mobley_6812653,0.11514,0.0
528,mobley_8739734~mobley_7227357,0.14174,0.0
529,mobley_8739734~mobley_7455579,0.11052,0.0
530,mobley_8739734~mobley_7610437,0.02283,0.0
531,mobley_8739734~mobley_7758918,0.14933,0.0
532,mobley_8739734~mobley_7769613,0.09411,0.0
533,mobley_8739734~mobley_778352,0.15669,0.0
534,mobley_8739734~mobley_7977115,0.13079,0.0
535,mobley_8739734~mobley_8221999,0.04688,0.0
536,mobley_8739734~mobley_8337977,0.14375,0.0
537,mobley_8739734~mobley_8492526,0.10138,0.0
538,mobley_8739734~mobley_8668219,0.13145,0.0
539,mobley_8739734~mobley_8765203,0.1522,0.0
540,mobley_8739734~mobley_900088,0.15672,0.0
541,mobley_8739734~mobley_9121449,0.04418,0.0
542,mobley_8739734~mobley_9838013,0.16564,0.0
543,mobley_8746821~mobley_1363784,0.14398,0.0
544,mobley_8746821~mobley_1520842,0.03017667,0.0
545,mobley_8746821~mobley_2371092,0.14859,0.0
546,mobley_8746821~mobley_2789243,0.048455,0.0
547,mobley_8746821~mobley_296847,0.13841,0.0
548,mobley_8746821~mobley_4287564,0.16087,0.0
549,mobley_8746821~mobley_4584540,0.13459,0.0
550,mobley_8746821~mobley_4884177,0.0294,0.0
551,mobley_8746821~mobley_5977084,0.15672,0.0
552,mobley_8746821~mobley_6232400,0.15657,0.0
553,mobley_8746821~mobley_6303022,0.02855333,0.0
554,mobley_8746821~mobley_8764620,0.13632,0.0
555,mobley_8746821~mobley_8861672,0.0198425,0.0
556,mobley_8754702~mobley_1019269,0.13743,0.0
557,mobley_8754702~mobley_1075836,0.15815,0.0
558,mobley_8754702~mobley_1144156,0.15892,0.0
559,mobley_8754702~mobley_1717215,0.06161,0.0
560,mobley_8754702~mobley_1875719,0.15779,0.0
561,mobley_8754702~mobley_1881249,0.11646,0.0
562,mobley_8754702~mobley_1903702,0.13212,0.0
563,mobley_8754702~mobley_2245668,0.10856,0.0
564,mobley_8754702~mobley_2294995,0.15875,0.0
565,mobley_8754702~mobley_2364370,0.14239,0.0
566,mobley_8754702~mobley_2422586,0.1561,0.0
567,mobley_8754702~mobley_2864987,0.03132,0.0
568,mobley_8754702~mobley_3083321,0.15784,0.0
569,mobley_8754702~mobley_313406,0.13286,0.0
570,mobley_8754702~mobley_3259411,0.02977,0.0
571,mobley_8754702~mobley_3269565,0.03086,0.0
572,mobley_8754702~mobley_3982371,0.14039,0.0
573,mobley_8754702~mobley_4630641,0.15515,0.0
574,mobley_8754702~mobley_4924862,0.13719,0.0
575,mobley_8754702~mobley_5390332,0.11364,0.0
576,mobley_8754702~mobley_5627459,0.02296,0.0
577,mobley_8754702~mobley_5759258,0.15767,0.0
578,mobley_8754702~mobley_5816127,0.16115,0.0
579,mobley_8754702~mobley_5890803,0.14551,0.0
580,mobley_8754702~mobley_5973402,0.12747,0.0
581,mobley_8754702~mobley_6497672,0.06896,0.0
582,mobley_8754702~mobley_6632459,0.13756,0.0
583,mobley_8754702~mobley_6911232,0.15359,0.0
584,mobley_8754702~mobley_6917738,0.16112,0.0
585,mobley_8754702~mobley_6929123,0.15842,0.0
586,mobley_8754702~mobley_6973347,0.11639,0.0
587,mobley_8754702~mobley_6981465,0.10208,0.0
588,mobley_8754702~mobley_7227357,0.15096,0.0
589,mobley_8754702~mobley_7455579,0.1555,0.0
590,mobley_8754702~mobley_7542832,0.14467,0.0
591,mobley_8754702~mobley_7573149,0.15827,0.0
592,mobley_8754702~mobley_7758918,0.11906,0.0
593,mobley_8754702~mobley_7943327,0.14923,0.0
594,mobley_8754702~mobley_7983227,0.12419,0.0
595,mobley_8754702~mobley_8118832,0.12291,0.0
596,mobley_8754702~mobley_820789,0.11609,0.0
597,mobley_8754702~mobley_8427539,0.13364,0.0
598,mobley_8754702~mobley_8492526,0.14954,0.0
599,mobley_8754702~mobley_8573194,0.13922,0.0
600,mobley_8754702~mobley_859464,0.13807,0.0
601,mobley_8754702~mobley_8739734,0.01805667,0.0
602,mobley_8754702~mobley_9114381,0.14359,0.0
603,mobley_8754702~mobley_9626434,0.15607,0.0
604,mobley_8754702~mobley_9794857,0.02432333,0.0
605,mobley_8754702~mobley_9838013,0.10324,0.0
606,mobley_8764620~mobley_1363784,0.13088,0.0
607,mobley_8764620~mobley_1520842,0.02507333,0.0
608,mobley_8764620~mobley_2371092,0.13094,0.0
609,mobley_8764620~mobley_2789243,0.15479,0.0
610,mobley_8764620~mobley_296847,0.15941,0.0
611,mobley_8764620~mobley_4287564,0.0175,0.0
612,mobley_8764620~mobley_4291494,0.12703,0.0
613,mobley_8764620~mobley_4584540,0.0228275,0.0
614,mobley_8764620~mobley_4884177,0.13116,0.0
615,mobley_8764620~mobley_5026370,0.13221,0.0
616,mobley_8764620~mobley_5977084,0.15803,0.0
617,mobley_8764620~mobley_6232400,0.16098,0.0
618,mobley_8764620~mobley_6303022,0.01116667,0.0
619,mobley_8764620~mobley_6309289,0.1331,0.0
620,mobley_8764620~mobley_6353617,0.1091,0.0
621,mobley_8764620~mobley_63712,0.10706,0.0
622,mobley_8764620~mobley_8746821,0.13005,0.0
623,mobley_8764620~mobley_9507933,0.13898,0.0
624,mobley_8765203~mobley_1019269,0.14032,0.0
625,mobley_8765203~mobley_1261349,0.13733,0.0
626,mobley_8765203~mobley_1563176,0.10689,0.0
627,mobley_8765203~mobley_1650157,0.02805333,0.0
628,mobley_8765203~mobley_1662128,0.15523,0.0
629,mobley_8765203~mobley_1803862,0.15183,0.0
630,mobley_8765203~mobley_1899443,0.15058,0.0
631,mobley_8765203~mobley_1903702,0.14737,0.0
632,mobley_8765203~mobley_1923244,0.14757,0.0
633,mobley_8765203~mobley_2143011,0.16044,0.0
634,mobley_8765203~mobley_2213823,0.13645,0.0
635,mobley_8765203~mobley_2245668,0.15269,0.0
636,mobley_8765203~mobley_2802855,0.09126,0.0
637,mobley_8765203~mobley_299266,0.14789,0.0
638,mobley_8765203~mobley_3269565,0.15227,0.0
639,mobley_8765203~mobley_3414356,0.0204375,0.0
640,mobley_8765203~mobley_3639400,0.10649,0.0
641,mobley_8765203~mobley_3738859,0.1102,0.0
642,mobley_8765203~mobley_3867265,0.14443,0.0
643,mobley_8765203~mobley_4043951,0.13176,0.0
644,mobley_8765203~mobley_4043987,0.11598,0.0
645,mobley_8765203~mobley_430089,0.14153,0.0
646,mobley_8765203~mobley_4305650,0.11926,0.0
647,mobley_8765203~mobley_4561957,0.13673,0.0
648,mobley_8765203~mobley_4699732,0.1311,0.0
649,mobley_8765203~mobley_4893032,0.11308,0.0
650,mobley_8765203~mobley_5157661,0.14947,0.0
651,mobley_8765203~mobley_5286200,0.03564,0.0
652,mobley_8765203~mobley_5310099,0.10769,0.0
653,mobley_8765203~mobley_5346580,0.13597,0.0
654,mobley_8765203~mobley_5449201,0.13307,0.0
655,mobley_8765203~mobley_5627459,0.14977,0.0
656,mobley_8765203~mobley_5690766,0.11962,0.0
657,mobley_8765203~mobley_5759258,0.0198175,0.0
658,mobley_8765203~mobley_5935995,0.13771,0.0
659,mobley_8765203~mobley_5973402,0.14258,0.0
660,mobley_8765203~mobley_627267,0.13508,0.0
661,mobley_8765203~mobley_6497672,0.15105,0.0
662,mobley_8765203~mobley_6632459,0.13858,0.0
663,mobley_8765203~mobley_6812653,0.11468,0.0
664,mobley_8765203~mobley_7047032,0.13148,0.0
665,mobley_8765203~mobley_7099614,0.11359,0.0
666,mobley_8765203~mobley_7106722,0.1315,0.0
667,mobley_8765203~mobley_7227357,0.13271,0.0
668,mobley_8765203~mobley_7326982,0.1525,0.0
669,mobley_8765203~mobley_7610437,0.0196475,0.0
670,mobley_8765203~mobley_7708038,0.12716,0.0
671,mobley_8765203~mobley_7758918,0.1462,0.0
672,mobley_8765203~mobley_7769613,0.13139,0.0
673,mobley_8765203~mobley_778352,0.1531,0.0
674,mobley_8765203~mobley_7983227,0.14247,0.0
675,mobley_8765203~mobley_8118832,0.14031,0.0
676,mobley_8765203~mobley_820789,0.13625,0.0
677,mobley_8765203~mobley_8221999,0.13615,0.0
678,mobley_8765203~mobley_8260524,0.12976,0.0
679,mobley_8765203~mobley_8337977,0.12908,0.0
680,mobley_8765203~mobley_8427539,0.1522,0.0
681,mobley_8765203~mobley_8436428,0.11573,0.0
682,mobley_8765203~mobley_8492526,0.09473,0.0
683,mobley_8765203~mobley_8525830,0.11379,0.0
684,mobley_8765203~mobley_8573194,0.1447,0.0
685,mobley_8765203~mobley_8668219,0.12346,0.0
686,mobley_8765203~mobley_8739734,0.15305,0.0
687,mobley_8765203~mobley_8772587,0.02161,0.0
688,mobley_8765203~mobley_900088,0.14677,0.0
689,mobley_8765203~mobley_9112978,0.13986,0.0
690,mobley_8765203~mobley_9121449,0.1278,0.0
691,mobley_8765203~mobley_9185328,0.15167,0.0
692,mobley_8765203~mobley_9246215,0.1298,0.0
693,mobley_8765203~mobley_9434451,0.11956,0.0
694,mobley_8765203~mobley_9624458,0.08573,0.0
695,mobley_8765203~mobley_9794857,0.1346,0.0
696,mobley_8765203~mobley_9883303,0.11736,0.0
697,mobley_8772587~mobley_1107178,0.16018,0.0
698,mobley_8772587~mobley_1231151,0.10552,0.0
699,mobley_8772587~mobley_1261349,0.10341,0.0
700,mobley_8772587~mobley_1650157,0.10611,0.0
701,mobley_8772587~mobley_1674094,0.13657,0.0
702,mobley_8772587~mobley_186894,0.15519,0.0
703,mobley_8772587~mobley_1875719,0.149,0.0
704,mobley_8772587~mobley_1881249,0.14329,0.0
705,mobley_8772587~mobley_1899443,0.12562,0.0
706,mobley_8772587~mobley_1977493,0.14974,0.0
707,mobley_8772587~mobley_2068538,0.15421,0.0
708,mobley_8772587~mobley_210639,0.01857,0.0
709,mobley_8772587~mobley_2213823,0.0178525,0.0
710,mobley_8772587~mobley_2245668,0.009758,0.0
711,mobley_8772587~mobley_2422586,0.13724,0.0
712,mobley_8772587~mobley_2864987,0.02320333,0.0
713,mobley_8772587~mobley_299266,0.13251,0.0
714,mobley_8772587~mobley_303222,0.13272,0.0
715,mobley_8772587~mobley_313406,0.01195,0.0
716,mobley_8772587~mobley_3269565,0.041095,0.0
717,mobley_8772587~mobley_3738859,0.1363,0.0
718,mobley_8772587~mobley_3867265,0.14442,0.0
719,mobley_8772587~mobley_4305650,0.11016,0.0
720,mobley_8772587~mobley_4561957,0.0170875,0.0
721,mobley_8772587~mobley_4699732,0.12909,0.0
722,mobley_8772587~mobley_4893032,0.12647,0.0
723,mobley_8772587~mobley_5157661,0.123,0.0
724,mobley_8772587~mobley_5286200,0.13834,0.0
725,mobley_8772587~mobley_5310099,0.1377,0.0
726,mobley_8772587~mobley_5627459,0.08686,0.0
727,mobley_8772587~mobley_5690766,0.11603,0.0
728,mobley_8772587~mobley_5759258,0.046885,0.0
729,mobley_8772587~mobley_5935995,0.01855,0.0
730,mobley_8772587~mobley_5973402,0.11007,0.0
731,mobley_8772587~mobley_6250025,0.11448,0.0
732,mobley_8772587~mobley_627267,0.09994,0.0
733,mobley_8772587~mobley_6632459,0.15226,0.0
734,mobley_8772587~mobley_6812653,0.14218,0.0
735,mobley_8772587~mobley_7047032,0.08154,0.0
736,mobley_8772587~mobley_7099614,0.15859,0.0
737,mobley_8772587~mobley_7106722,0.12943,0.0
738,mobley_8772587~mobley_7142697,0.021995,0.0
739,mobley_8772587~mobley_7227357,0.14391,0.0
740,mobley_8772587~mobley_7326982,0.13868,0.0
741,mobley_8772587~mobley_7708038,0.15485,0.0
742,mobley_8772587~mobley_7758918,0.15295,0.0
743,mobley_8772587~mobley_7769613,0.02153667,0.0
744,mobley_8772587~mobley_7983227,0.0170075,0.0
745,mobley_8772587~mobley_8118832,0.15311,0.0
746,mobley_8772587~mobley_820789,0.15681,0.0
747,mobley_8772587~mobley_8260524,0.08999,0.0
748,mobley_8772587~mobley_8427539,0.0126725,0.0
749,mobley_8772587~mobley_8492526,0.1185,0.0
750,mobley_8772587~mobley_8525830,0.13338,0.0
751,mobley_8772587~mobley_8573194,0.020545,0.0
752,mobley_8772587~mobley_8739734,0.035285,0.0
753,mobley_8772587~mobley_8765203,0.0193225,0.0
754,mobley_8772587~mobley_900088,0.0166625,0.0
755,mobley_8772587~mobley_9112978,0.12676,0.0
756,mobley_8772587~mobley_9121449,0.01167,0.0
757,mobley_8772587~mobley_9185328,0.14927,0.0
758,mobley_8772587~mobley_9246215,0.08849,0.0
759,mobley_8772587~mobley_9434451,0.04452,0.0
760,mobley_8772587~mobley_9624458,0.13039,0.0
761,mobley_8772587~mobley_9733743,0.14278,0.0
762,mobley_8772587~mobley_9838013,0.02212333,0.0
763,mobley_8785107~mobley_5056289,0.16097,0.0
764,mobley_8785107~mobley_8882696,0.13907,0.0
765,mobley_8789465~mobley_1036761,0.02564667,0.0
766,mobley_8789465~mobley_1046331,0.014815,0.0
767,mobley_8789465~mobley_1079207,0.13064,0.0
768,mobley_8789465~mobley_1178614,0.1565,0.0
769,mobley_8789465~mobley_1189457,0.00440625,0.0
770,mobley_8789465~mobley_1424265,0.02551,0.0
771,mobley_8789465~mobley_1571523,0.02079333,0.0
772,mobley_8789465~mobley_1733799,0.010286,0.0
773,mobley_8789465~mobley_1755375,0.03476,0.0
774,mobley_8789465~mobley_1760914,0.16065,0.0
775,mobley_8789465~mobley_1873346,0.08782,0.0
776,mobley_8789465~mobley_1905088,0.04394,0.0
777,mobley_8789465~mobley_20524,0.0913,0.0
778,mobley_8789465~mobley_2123854,0.01587,0.0
779,mobley_8789465~mobley_2126135,0.01575,0.0
780,mobley_8789465~mobley_2354112,0.02405,0.0
781,mobley_8789465~mobley_2451097,0.01888333,0.0
782,mobley_8789465~mobley_2457863,0.02532667,0.0
783,mobley_8789465~mobley_2489709,0.16825,0.0
784,mobley_8789465~mobley_2661134,0.02335667,0.0
785,mobley_8789465~mobley_2689721,0.030025,0.0
786,mobley_8789465~mobley_2763835,0.0173075,0.0
787,mobley_8789465~mobley_2850833,0.11775,0.0
788,mobley_8789465~mobley_2859600,0.04068,0.0
789,mobley_8789465~mobley_2923700,0.02352333,0.0
790,mobley_8789465~mobley_2925352,0.07505,0.0
791,mobley_8789465~mobley_3053621,0.08358,0.0
792,mobley_8789465~mobley_3144334,0.106,0.0
793,mobley_8789465~mobley_3169935,0.16,0.0
794,mobley_8789465~mobley_3187514,0.03507,0.0
795,mobley_8789465~mobley_3211679,0.02498667,0.0
796,mobley_8789465~mobley_3234716,0.03341,0.0
797,mobley_8789465~mobley_3398536,0.04649,0.0
798,mobley_8789465~mobley_3515580,0.02571333,0.0
799,mobley_8789465~mobley_3682850,0.035625,0.0
800,mobley_8789465~mobley_3727287,0.033565,0.0
801,mobley_8789465~mobley_3969312,0.01947,0.0
802,mobley_8789465~mobley_4035953,0.07431,0.0
803,mobley_8789465~mobley_4218209,0.02428,0.0
804,mobley_8789465~mobley_4395315,0.16011,0.0
805,mobley_8789465~mobley_4483973,0.08767,0.0
806,mobley_8789465~mobley_4494568,0.010612,0.0
807,mobley_8789465~mobley_4553008,0.00871167,0.0
808,mobley_8789465~mobley_4715906,0.02229,0.0
809,mobley_8789465~mobley_4780078,0.13438,0.0
810,mobley_8789465~mobley_4883284,0.08699,0.0
811,mobley_8789465~mobley_5072416,0.02812333,0.0
812,mobley_8789465~mobley_5311804,0.0183125,0.0
813,mobley_8789465~mobley_5518547,0.02211,0.0
814,mobley_8789465~mobley_7010316,0.04005,0.0
815,mobley_8789465~mobley_7066554,0.01985333,0.0
816,mobley_8789465~mobley_7200804,0.1295,0.0
817,mobley_8789465~mobley_7295828,0.03296,0.0
818,mobley_8789465~mobley_8057732,0.016735,0.0
819,mobley_8789465~mobley_852937,0.08751,0.0
820,mobley_8789465~mobley_8691603,0.039095,0.0
821,mobley_8789864~mobley_5747981,0.14235,0.0
822,mobley_8798016~mobley_1363784,0.14268,0.0
823,mobley_8798016~mobley_1520842,0.1592,0.0
824,mobley_8798016~mobley_2371092,0.15213,0.0
825,mobley_8798016~mobley_2789243,0.1034,0.0
826,mobley_8798016~mobley_296847,0.14633,0.0
827,mobley_8798016~mobley_4287564,0.15947,0.0
828,mobley_8798016~mobley_4291494,0.09776,0.0
829,mobley_8798016~mobley_4584540,0.0175375,0.0
830,mobley_8798016~mobley_5026370,0.16265,0.0
831,mobley_8798016~mobley_5977084,0.15958,0.0
832,mobley_8798016~mobley_6232400,0.15011,0.0
833,mobley_8798016~mobley_6303022,0.15682,0.0
834,mobley_8798016~mobley_63712,0.13961,0.0
835,mobley_8798016~mobley_6794076,0.15813,0.0
836,mobley_8798016~mobley_6988468,0.012874,0.0
837,mobley_8798016~mobley_8746821,0.013516,0.0
838,mobley_8798016~mobley_8764620,0.0197875,0.0
839,mobley_8798016~mobley_8861672,0.15178,0.0
840,mobley_8798016~mobley_9507933,0.0230425,0.0
841,mobley_8809190~mobley_1858644,0.13325,0.0
842,mobley_8809190~mobley_2126135,0.014628,0.0
843,mobley_8809190~mobley_2183616,0.13573,0.0
844,mobley_8809190~mobley_2859600,0.14377,0.0
845,mobley_8809190~mobley_2923700,0.14762,0.0
846,mobley_8809190~mobley_3040612,0.02647,0.0
847,mobley_8809190~mobley_3525176,0.15933,0.0
848,mobley_8809190~mobley_3746675,0.13625,0.0
849,mobley_8809190~mobley_4252724,0.13768,0.0
850,mobley_8809190~mobley_4683624,0.15497,0.0
851,mobley_8809190~mobley_5445548,0.13403,0.0
852,mobley_8809190~mobley_588781,0.147,0.0
853,mobley_8809190~mobley_6430250,0.16046,0.0
854,mobley_8809190~mobley_7463799,0.14701,0.0
855,mobley_8809190~mobley_7497999,0.14735,0.0
856,mobley_8809190~mobley_7893124,0.10255,0.0
857,mobley_8809190~mobley_8127829,0.15375,0.0
858,mobley_8809190~mobley_9942801,0.014908,0.0
859,mobley_8861672~mobley_1363784,0.14916,0.0
860,mobley_8861672~mobley_1520842,0.161,0.0
861,mobley_8861672~mobley_2371092,0.020385,0.0
862,mobley_8861672~mobley_2789243,0.10864,0.0
863,mobley_8861672~mobley_296847,0.14365,0.0
864,mobley_8861672~mobley_4287564,0.16058,0.0
865,mobley_8861672~mobley_4291494,0.15963,0.0
866,mobley_8861672~mobley_4584540,0.1547,0.0
867,mobley_8861672~mobley_4884177,0.01229,0.0
868,mobley_8861672~mobley_5026370,0.13739,0.0
869,mobley_8861672~mobley_6232400,0.03276667,0.0
870,mobley_8861672~mobley_6303022,0.0192,0.0
871,mobley_8861672~mobley_6309289,0.050395,0.0
872,mobley_8861672~mobley_63712,0.0206075,0.0
873,mobley_8861672~mobley_6794076,0.02616333,0.0
874,mobley_8861672~mobley_8746821,0.015326,0.0
875,mobley_8861672~mobley_8764620,0.01474,0.0
876,mobley_8861672~mobley_8798016,0.15813,0.0
877,mobley_8861672~mobley_9507933,0.14029,0.0
878,mobley_8882696~mobley_5056289,0.1572,0.0
879,mobley_8882696~mobley_8785107,0.13781,0.0
880,mobley_8883511~mobley_1424265,0.11583,0.0
881,mobley_8883511~mobley_1873346,0.14208,0.0
882,mobley_8883511~mobley_1987439,0.046535,0.0
883,mobley_8883511~mobley_2126135,0.13448,0.0
884,mobley_8883511~mobley_2354112,0.012028,0.0
885,mobley_8883511~mobley_2451097,0.14105,0.0
886,mobley_8883511~mobley_2484519,0.1091,0.0
887,mobley_8883511~mobley_2661134,0.12991,0.0
888,mobley_8883511~mobley_2850833,0.15017,0.0
889,mobley_8883511~mobley_2859600,0.02925667,0.0
890,mobley_8883511~mobley_2923700,0.03003,0.0
891,mobley_8883511~mobley_3040612,0.15094,0.0
892,mobley_8883511~mobley_3144334,0.13411,0.0
893,mobley_8883511~mobley_3183805,0.15367,0.0
894,mobley_8883511~mobley_3187514,0.16012,0.0
895,mobley_8883511~mobley_3234716,0.12047,0.0
896,mobley_8883511~mobley_3452749,0.1429,0.0
897,mobley_8883511~mobley_349850,0.02909,0.0
898,mobley_8883511~mobley_3968739,0.03201667,0.0
899,mobley_8883511~mobley_3969312,0.15991,0.0
900,mobley_8883511~mobley_4035953,0.15594,0.0
901,mobley_8883511~mobley_4395315,0.15114,0.0
902,mobley_8883511~mobley_4780078,0.13554,0.0
903,mobley_8883511~mobley_5311804,0.12766,0.0
904,mobley_8883511~mobley_5445548,0.01412,0.0
905,mobley_8883511~mobley_5518547,0.13395,0.0
906,mobley_8883511~mobley_5571660,0.14439,0.0
907,mobley_8883511~mobley_6175884,0.08204,0.0
908,mobley_8883511~mobley_6743808,0.16241,0.0
909,mobley_8883511~mobley_7009711,0.10261,0.0
910,mobley_8883511~mobley_7497999,0.03182333,0.0
911,mobley_8883511~mobley_8127829,0.03021,0.0
912,mobley_8883511~mobley_9478823,0.1564,0.0
913,mobley_8883511~mobley_9942801,0.02553667,0.0
914,mobley_8885088~mobley_3968043,0.15861,0.0
915,mobley_8885088~mobley_5852491,0.14552,0.0
916,mobley_8885088~mobley_8006582,0.15864,0.0
917,mobley_8899867~mobley_3968043,0.16119,0.0
918,mobley_8899867~mobley_5852491,0.14471,0.0
919,mobley_8899867~mobley_8006582,0.16374,0.0
920,mobley_8966374~mobley_2771569,0.14344,0.0
921,mobley_8966374~mobley_4059279,0.12212,0.0
922,mobley_8966374~mobley_5220185,0.16019,0.0
923,mobley_8966374~mobley_951560,0.021325,0.0
924,mobley_8983100~mobley_1636752,0.15577,0.0
925,mobley_8983100~mobley_1792062,0.10744,0.0
926,mobley_8983100~mobley_1929982,0.13659,0.0
927,mobley_8983100~mobley_4364398,0.12979,0.0
928,mobley_8983100~mobley_4434915,0.12512,0.0
929,mobley_8983100~mobley_525934,0.1259,0.0
930,mobley_8983100~mobley_5631798,0.14392,0.0
931,mobley_8983100~mobley_6091882,0.12993,0.0
932,mobley_8983100~mobley_7261305,0.16241,0.0
933,mobley_8983100~mobley_7578802,0.02623333,0.0
934,mobley_8983100~mobley_7708038,0.13716,0.0
935,mobley_8983100~mobley_9029594,0.14945,0.0
936,mobley_8983100~mobley_9055303,0.11753,0.0
937,mobley_8983100~mobley_9246351,0.13422,0.0
938,mobley_8983100~mobley_9434451,0.1332,0.0
939,mobley_900088~mobley_1019269,0.12481,0.0
940,mobley_900088~mobley_1261349,0.12333,0.0
941,mobley_900088~mobley_1563176,0.0898,0.0
942,mobley_900088~mobley_1662128,0.13981,0.0
943,mobley_900088~mobley_1674094,0.11476,0.0
944,mobley_900088~mobley_1803862,0.14522,0.0
945,mobley_900088~mobley_1875719,0.12802,0.0
946,mobley_900088~mobley_1881249,0.12634,0.0
947,mobley_900088~mobley_1899443,0.13876,0.0
948,mobley_900088~mobley_1903702,0.14551,0.0
949,mobley_900088~mobley_1923244,0.14539,0.0
950,mobley_900088~mobley_2143011,0.15151,0.0
951,mobley_900088~mobley_2213823,0.13352,0.0
952,mobley_900088~mobley_2245668,0.13425,0.0
953,mobley_900088~mobley_252413,0.10873,0.0
954,mobley_900088~mobley_2609604,0.11716,0.0
955,mobley_900088~mobley_2802855,0.04178,0.0
956,mobley_900088~mobley_2864987,0.12191,0.0
957,mobley_900088~mobley_2929847,0.13335,0.0
958,mobley_900088~mobley_299266,0.14065,0.0
959,mobley_900088~mobley_3414356,0.015854,0.0
960,mobley_900088~mobley_3639400,0.10202,0.0
961,mobley_900088~mobley_3738859,0.10521,0.0
962,mobley_900088~mobley_4043951,0.11434,0.0
963,mobley_900088~mobley_4043987,0.11695,0.0
964,mobley_900088~mobley_4177472,0.04959,0.0
965,mobley_900088~mobley_430089,0.11171,0.0
966,mobley_900088~mobley_4561957,0.15025,0.0
967,mobley_900088~mobley_4893032,0.113,0.0
968,mobley_900088~mobley_511661,0.13509,0.0
969,mobley_900088~mobley_5123639,0.11007,0.0
970,mobley_900088~mobley_5157661,0.12751,0.0
971,mobley_900088~mobley_5286200,0.0232,0.0
972,mobley_900088~mobley_5310099,0.102,0.0
973,mobley_900088~mobley_5346580,0.13447,0.0
974,mobley_900088~mobley_5449201,0.11925,0.0
975,mobley_900088~mobley_5627459,0.13992,0.0
976,mobley_900088~mobley_5690766,0.09645,0.0
977,mobley_900088~mobley_5759258,0.0187575,0.0
978,mobley_900088~mobley_5935995,0.13093,0.0
979,mobley_900088~mobley_5973402,0.13587,0.0
980,mobley_900088~mobley_6235784,0.13439,0.0
981,mobley_900088~mobley_627267,0.11368,0.0
982,mobley_900088~mobley_6497672,0.12245,0.0
983,mobley_900088~mobley_6812653,0.10309,0.0
984,mobley_900088~mobley_7047032,0.1121,0.0
985,mobley_900088~mobley_7106722,0.12389,0.0
986,mobley_900088~mobley_7142697,0.0172675,0.0
987,mobley_900088~mobley_7227357,0.12649,0.0
988,mobley_900088~mobley_7610437,0.13257,0.0
989,mobley_900088~mobley_7769613,0.10907,0.0
990,mobley_900088~mobley_778352,0.14344,0.0
991,mobley_900088~mobley_7983227,0.1339,0.0
992,mobley_900088~mobley_820789,0.10978,0.0
993,mobley_900088~mobley_8668219,0.13544,0.0
994,mobley_900088~mobley_8739734,0.14905,0.0
995,mobley_900088~mobley_8765203,0.14899,0.0
996,mobley_900088~mobley_9838013,0.0299,0.0
997,mobley_9015240~mobley_2517158,0.15818,0.0
998,mobley_9015240~mobley_3167746,0.12169,0.0
999,mobley_9015240~mobley_36119,0.15505,0.0
1000,mobley_9015240~mobley_3709920,0.1522,0.0
1001,mobley_9015240~mobley_4375719,0.15777,0.0
1002,mobley_9015240~mobley_4694328,0.10546,0.0
1003,mobley_9015240~mobley_4759887,0.16221,0.0
1004,mobley_9015240~mobley_4762983,0.13883,0.0
1005,mobley_9015240~mobley_49274,0.07732,0.0
1006,mobley_9015240~mobley_5079234,0.01779,0.0
1007,mobley_9015240~mobley_6081058,0.09835,0.0
1008,mobley_9015240~mobley_6248915,0.15992,0.0
1009,mobley_9015240~mobley_6896128,0.12239,0.0
1010,mobley_9015240~mobley_7157427,0.14761,0.0
1011,mobley_9015240~mobley_718988,0.14246,0.0
1012,mobley_9015240~mobley_7859387,0.15407,0.0
1013,mobley_9015240~mobley_8467917,0.14361,0.0
1014,mobley_9015240~mobley_8522124,0.01788333,0.0
1015,mobley_9015240~mobley_8614858,0.15328,0.0
1016,mobley_9015240~mobley_9197172,0.11113,0.0
1017,mobley_9015240~mobley_929676,0.15494,0.0
1018,mobley_9015240~mobley_9407874,0.11226,0.0
1019,mobley_9028462~mobley_3006808,0.14226,0.0
1020,mobley_9028462~mobley_9979854,0.02175,0.0
1021,mobley_9029594~mobley_1636752,0.13624,0.0
1022,mobley_9029594~mobley_1929982,0.14613,0.0
1023,mobley_9029594~mobley_3370989,0.1412,0.0
1024,mobley_9029594~mobley_3425174,0.15243,0.0
1025,mobley_9029594~mobley_4364398,0.14203,0.0
1026,mobley_9029594~mobley_4434915,0.16391,0.0
1027,mobley_9029594~mobley_525934,0.16431,0.0
1028,mobley_9029594~mobley_5631798,0.1278,0.0
1029,mobley_9029594~mobley_6091882,0.14656,0.0
1030,mobley_9029594~mobley_6714389,0.14263,0.0
1031,mobley_9029594~mobley_7261305,0.15565,0.0
1032,mobley_9029594~mobley_8311321,0.14043,0.0
1033,mobley_9029594~mobley_8983100,0.1601,0.0
1034,mobley_9029594~mobley_9055303,0.15755,0.0
1035,mobley_9055303~mobley_1636752,0.16247,0.0
1036,mobley_9055303~mobley_1929982,0.13526,0.0
1037,mobley_9055303~mobley_4364398,0.1045,0.0
1038,mobley_9055303~mobley_4434915,0.14923,0.0
1039,mobley_9055303~mobley_525934,0.14047,0.0
1040,mobley_9055303~mobley_5631798,0.14183,0.0
1041,mobley_9055303~mobley_6091882,0.15724,0.0
1042,mobley_9055303~mobley_7261305,0.16356,0.0
1043,mobley_9055303~mobley_8983100,0.14231,0.0
1044,mobley_9055303~mobley_9029594,0.15477,0.0
1045,mobley_9073553~mobley_1708457,0.03178333,0.0
1046,mobley_9073553~mobley_1800170,0.15879,0.0
1047,mobley_9073553~mobley_186894,0.1204,0.0
1048,mobley_9073553~mobley_2049967,0.15776,0.0
1049,mobley_9073553~mobley_4983965,0.13516,0.0
1050,mobley_9073553~mobley_525934,0.16332,0.0
1051,mobley_9073553~mobley_7690440,0.13217,0.0
1052,mobley_9073553~mobley_8578590,0.11382,0.0
1053,mobley_9100956~mobley_1036761,0.14256,0.0
1054,mobley_9100956~mobley_1571523,0.010402,0.0
1055,mobley_9100956~mobley_1760914,0.05821,0.0
1056,mobley_9100956~mobley_1858644,0.02909667,0.0
1057,mobley_9100956~mobley_1873346,0.15935,0.0
1058,mobley_9100956~mobley_2126135,0.00892,0.0
1059,mobley_9100956~mobley_2661134,0.11621,0.0
1060,mobley_9100956~mobley_2689721,0.16038,0.0
1061,mobley_9100956~mobley_2925352,0.15047,0.0
1062,mobley_9100956~mobley_3234716,0.016198,0.0
1063,mobley_9100956~mobley_3452749,0.02569667,0.0
1064,mobley_9100956~mobley_3682850,0.15881,0.0
1065,mobley_9100956~mobley_3746675,0.0180825,0.0
1066,mobley_9100956~mobley_4395315,0.10283,0.0
1067,mobley_9100956~mobley_4553008,0.03485,0.0
1068,mobley_9100956~mobley_5571660,0.0206725,0.0
1069,mobley_9100956~mobley_6430250,0.0202025,0.0
1070,mobley_9100956~mobley_7066554,0.11617,0.0
1071,mobley_9100956~mobley_7295828,0.018745,0.0
1072,mobley_9100956~mobley_7599023,0.041375,0.0
1073,mobley_9100956~mobley_7608462,0.050395,0.0
1074,mobley_9100956~mobley_7688753,0.13769,0.0
1075,mobley_9100956~mobley_7988076,0.14537,0.0
1076,mobley_9100956~mobley_8883511,0.015348,0.0
1077,mobley_9100956~mobley_9139060,0.15652,0.0
1078,mobley_9100956~mobley_9478823,0.01484,0.0
1079,mobley_9112978~mobley_1019269,0.15974,0.0
1080,mobley_9112978~mobley_1199854,0.12987,0.0
1081,mobley_9112978~mobley_1231151,0.11809,0.0
1082,mobley_9112978~mobley_1261349,0.10774,0.0
1083,mobley_9112978~mobley_1563176,0.15838,0.0
1084,mobley_9112978~mobley_1650157,0.12146,0.0
1085,mobley_9112978~mobley_1662128,0.1633,0.0
1086,mobley_9112978~mobley_1674094,0.14487,0.0
1087,mobley_9112978~mobley_1803862,0.13285,0.0
1088,mobley_9112978~mobley_1827204,0.11067,0.0
1089,mobley_9112978~mobley_186894,0.13905,0.0
1090,mobley_9112978~mobley_1875719,0.15899,0.0
1091,mobley_9112978~mobley_1881249,0.15934,0.0
1092,mobley_9112978~mobley_1899443,0.14783,0.0
1093,mobley_9112978~mobley_1903702,0.04492,0.0
1094,mobley_9112978~mobley_1923244,0.14736,0.0
1095,mobley_9112978~mobley_1977493,0.14667,0.0
1096,mobley_9112978~mobley_2068538,0.15601,0.0
1097,mobley_9112978~mobley_210639,0.02925,0.0
1098,mobley_9112978~mobley_2143011,0.13754,0.0
1099,mobley_9112978~mobley_2178600,0.12896,0.0
1100,mobley_9112978~mobley_2213823,0.14237,0.0
1101,mobley_9112978~mobley_2245668,0.14219,0.0
1102,mobley_9112978~mobley_2422586,0.15898,0.0
1103,mobley_9112978~mobley_2487143,0.14152,0.0
1104,mobley_9112978~mobley_252413,0.12792,0.0
1105,mobley_9112978~mobley_2609604,0.12976,0.0
1106,mobley_9112978~mobley_2792521,0.10586,0.0
1107,mobley_9112978~mobley_2802855,0.13214,0.0
1108,mobley_9112978~mobley_2864987,0.046485,0.0
1109,mobley_9112978~mobley_299266,0.13441,0.0
1110,mobley_9112978~mobley_303222,0.15736,0.0
1111,mobley_9112978~mobley_313406,0.1529,0.0
1112,mobley_9112978~mobley_3269565,0.13288,0.0
1113,mobley_9112978~mobley_3414356,0.02968,0.0
1114,mobley_9112978~mobley_3546460,0.0212225,0.0
1115,mobley_9112978~mobley_3738859,0.10858,0.0
1116,mobley_9112978~mobley_3867265,0.14018,0.0
1117,mobley_9112978~mobley_4043951,0.15451,0.0
1118,mobley_9112978~mobley_4043987,0.11625,0.0
1119,mobley_9112978~mobley_430089,0.12943,0.0
1120,mobley_9112978~mobley_4305650,0.1466,0.0
1121,mobley_9112978~mobley_4561957,0.10536,0.0
1122,mobley_9112978~mobley_4762983,0.12834,0.0
1123,mobley_9112978~mobley_4792268,0.15077,0.0
1124,mobley_9112978~mobley_4893032,0.14357,0.0
1125,mobley_9112978~mobley_49274,0.14137,0.0
1126,mobley_9112978~mobley_511661,0.14544,0.0
1127,mobley_9112978~mobley_5123639,0.12746,0.0
1128,mobley_9112978~mobley_5157661,0.13438,0.0
1129,mobley_9112978~mobley_5310099,0.145,0.0
1130,mobley_9112978~mobley_5449201,0.15827,0.0
1131,mobley_9112978~mobley_5627459,0.13797,0.0
1132,mobley_9112978~mobley_5690766,0.14198,0.0
1133,mobley_9112978~mobley_5759258,0.15553,0.0
1134,mobley_9112978~mobley_5935995,0.10966,0.0
1135,mobley_9112978~mobley_5973402,0.13813,0.0
1136,mobley_9112978~mobley_6250025,0.11884,0.0
1137,mobley_9112978~mobley_627267,0.1121,0.0
1138,mobley_9112978~mobley_6497672,0.15513,0.0
1139,mobley_9112978~mobley_6632459,0.14561,0.0
1140,mobley_9112978~mobley_6812653,0.14377,0.0
1141,mobley_9112978~mobley_7047032,0.09214,0.0
1142,mobley_9112978~mobley_7099614,0.11922,0.0
1143,mobley_9112978~mobley_7106722,0.14534,0.0
1144,mobley_9112978~mobley_7142697,0.15401,0.0
1145,mobley_9112978~mobley_7227357,0.15485,0.0
1146,mobley_9112978~mobley_7326982,0.14487,0.0
1147,mobley_9112978~mobley_7610437,0.02374,0.0
1148,mobley_9112978~mobley_7708038,0.14203,0.0
1149,mobley_9112978~mobley_7758918,0.11432,0.0
1150,mobley_9112978~mobley_7769613,0.036315,0.0
1151,mobley_9112978~mobley_778352,0.14186,0.0
1152,mobley_9112978~mobley_7977115,0.02359,0.0
1153,mobley_9112978~mobley_7983227,0.14739,0.0
1154,mobley_9112978~mobley_8118832,0.15678,0.0
1155,mobley_9112978~mobley_820789,0.15376,0.0
1156,mobley_9112978~mobley_8221999,0.13257,0.0
1157,mobley_9112978~mobley_8260524,0.13921,0.0
1158,mobley_9112978~mobley_8337977,0.14204,0.0
1159,mobley_9112978~mobley_8427539,0.13291,0.0
1160,mobley_9112978~mobley_8436428,0.11722,0.0
1161,mobley_9112978~mobley_8467917,0.14088,0.0
1162,mobley_9112978~mobley_8614858,0.13069,0.0
1163,mobley_9112978~mobley_8668219,0.12553,0.0
1164,mobley_9112978~mobley_8739734,0.1109,0.0
1165,mobley_9112978~mobley_900088,0.11026,0.0
1166,mobley_9112978~mobley_9185328,0.13298,0.0
1167,mobley_9112978~mobley_9246215,0.14933,0.0
1168,mobley_9112978~mobley_929676,0.12318,0.0
1169,mobley_9112978~mobley_9434451,0.1051,0.0
1170,mobley_9112978~mobley_9883303,0.1365,0.0
1171,mobley_9114381~mobley_1722522,0.11188,0.0
1172,mobley_9114381~mobley_1781152,0.10287,0.0
1173,mobley_9114381~mobley_2341732,0.11153,0.0
1174,mobley_9114381~mobley_2422586,0.14848,0.0
1175,mobley_9114381~mobley_2929847,0.10522,0.0
1176,mobley_9114381~mobley_3982371,0.1622,0.0
1177,mobley_9114381~mobley_4620651,0.05558,0.0
1178,mobley_9114381~mobley_4687447,0.015995,0.0
1179,mobley_9114381~mobley_4792268,0.0475,0.0
1180,mobley_9114381~mobley_5890803,0.12195,0.0
1181,mobley_9114381~mobley_6929123,0.15615,0.0
1182,mobley_9114381~mobley_6973347,0.13364,0.0
1183,mobley_9114381~mobley_6981465,0.10861,0.0
1184,mobley_9121449~mobley_1662128,0.15226,0.0
1185,mobley_9121449~mobley_1923244,0.12502,0.0
1186,mobley_9121449~mobley_2143011,0.12585,0.0
1187,mobley_9121449~mobley_2213823,0.10406,0.0
1188,mobley_9121449~mobley_2245668,0.10189,0.0
1189,mobley_9121449~mobley_2310185,0.14883,0.0
1190,mobley_9121449~mobley_2410897,0.1558,0.0
1191,mobley_9121449~mobley_2422586,0.10954,0.0
1192,mobley_9121449~mobley_2493732,0.08937,0.0
1193,mobley_9121449~mobley_2802855,0.02014333,0.0
1194,mobley_9121449~mobley_299266,0.14097,0.0
1195,mobley_9121449~mobley_303222,0.16511,0.0
1196,mobley_9121449~mobley_3034976,0.12977,0.0
1197,mobley_9121449~mobley_313406,0.12404,0.0
1198,mobley_9121449~mobley_3269565,0.1018,0.0
1199,mobley_9121449~mobley_3370989,0.14819,0.0
1200,mobley_9121449~mobley_3639400,0.08654,0.0
1201,mobley_9121449~mobley_3738859,0.0811,0.0
1202,mobley_9121449~mobley_3867265,0.149,0.0
1203,mobley_9121449~mobley_3999471,0.09423,0.0
1204,mobley_9121449~mobley_4043951,0.11369,0.0
1205,mobley_9121449~mobley_430089,0.14432,0.0
1206,mobley_9121449~mobley_4305650,0.13133,0.0
1207,mobley_9121449~mobley_4465023,0.1336,0.0
1208,mobley_9121449~mobley_4561957,0.0885,0.0
1209,mobley_9121449~mobley_4639255,0.13561,0.0
1210,mobley_9121449~mobley_4699732,0.036475,0.0
1211,mobley_9121449~mobley_511661,0.14527,0.0
1212,mobley_9121449~mobley_5157661,0.13269,0.0
1213,mobley_9121449~mobley_5449201,0.09732,0.0
1214,mobley_9121449~mobley_5627459,0.10852,0.0
1215,mobley_9121449~mobley_5690766,0.11449,0.0
1216,mobley_9121449~mobley_5759258,0.011454,0.0
1217,mobley_9121449~mobley_5935995,0.10304,0.0
1218,mobley_9121449~mobley_5973402,0.08099,0.0
1219,mobley_9121449~mobley_6091882,0.15888,0.0
1220,mobley_9121449~mobley_6235784,0.11261,0.0
1221,mobley_9121449~mobley_627267,0.11684,0.0
1222,mobley_9121449~mobley_6474572,0.12499,0.0
1223,mobley_9121449~mobley_6497672,0.13486,0.0
1224,mobley_9121449~mobley_6632459,0.16073,0.0
1225,mobley_9121449~mobley_6812653,0.09509,0.0
1226,mobley_9121449~mobley_6911232,0.12739,0.0
1227,mobley_9121449~mobley_7047032,0.09703,0.0
1228,mobley_9121449~mobley_7099614,0.11889,0.0
1229,mobley_9121449~mobley_7106722,0.0836,0.0
1230,mobley_9121449~mobley_7227357,0.01762,0.0
1231,mobley_9121449~mobley_7326982,0.15007,0.0
1232,mobley_9121449~mobley_7532833,0.14182,0.0
1233,mobley_9121449~mobley_7708038,0.03082333,0.0
1234,mobley_9121449~mobley_7758918,0.10658,0.0
1235,mobley_9121449~mobley_7768165,0.11249,0.0
1236,mobley_9121449~mobley_7769613,0.07242,0.0
1237,mobley_9121449~mobley_778352,0.11496,0.0
1238,mobley_9121449~mobley_7983227,0.0194375,0.0
1239,mobley_9121449~mobley_8048190,0.1507,0.0
1240,mobley_9121449~mobley_8118832,0.1492,0.0
1241,mobley_9121449~mobley_8221999,0.14933,0.0
1242,mobley_9121449~mobley_8260524,0.14747,0.0
1243,mobley_9121449~mobley_8427539,0.10168,0.0
1244,mobley_9121449~mobley_8492526,0.07333,0.0
1245,mobley_9121449~mobley_8525830,0.08161,0.0
1246,mobley_9121449~mobley_8573194,0.10481,0.0
1247,mobley_9121449~mobley_8739734,0.04128,0.0
1248,mobley_9121449~mobley_8765203,0.13762,0.0
1249,mobley_9121449~mobley_900088,0.11399,0.0
1250,mobley_9121449~mobley_9112978,0.1381,0.0
1251,mobley_9121449~mobley_9185328,0.12257,0.0
1252,mobley_9121449~mobley_9246215,0.1367,0.0
1253,mobley_9121449~mobley_9434451,0.09894,0.0
1254,mobley_9121449~mobley_9624458,0.08524,0.0
1255,mobley_9121449~mobley_9733743,0.1051,0.0
1256,mobley_9121449~mobley_9838013,0.019735,0.0
1257,mobley_9121449~mobley_9913368,0.13431,0.0
1258,mobley_9121449~mobley_994483,0.09775,0.0
1259,mobley_9139060~mobley_1036761,0.16098,0.0
1260,mobley_9139060~mobley_1760914,0.045405,0.0
1261,mobley_9139060~mobley_2126135,0.01073333,0.0
1262,mobley_9139060~mobley_2661134,0.08504,0.0
1263,mobley_9139060~mobley_2925352,0.15331,0.0
1264,mobley_9139060~mobley_3682850,0.12922,0.0
1265,mobley_9139060~mobley_4780078,0.02435333,0.0
1266,mobley_9139060~mobley_5571660,0.01075333,0.0
1267,mobley_9139060~mobley_6430250,0.01881,0.0
1268,mobley_9139060~mobley_7608462,0.043295,0.0
1269,mobley_9139060~mobley_7688753,0.055945,0.0
1270,mobley_9139060~mobley_7988076,0.07558,0.0
1271,mobley_9139060~mobley_8057732,0.04235,0.0
1272,mobley_9139060~mobley_852937,0.14528,0.0
1273,mobley_9139060~mobley_8723116,0.15303,0.0
1274,mobley_9139060~mobley_8883511,0.013668,0.0
1275,mobley_9139060~mobley_9100956,0.15963,0.0
1276,mobley_9185328~mobley_1019269,0.049085,0.0
1277,mobley_9185328~mobley_1199854,0.16161,0.0
1278,mobley_9185328~mobley_1231151,0.13106,0.0
1279,mobley_9185328~mobley_1261349,0.11665,0.0
1280,mobley_9185328~mobley_1563176,0.12607,0.0
1281,mobley_9185328~mobley_1650157,0.1342,0.0
1282,mobley_9185328~mobley_1662128,0.15501,0.0
1283,mobley_9185328~mobley_1800170,0.04573,0.0
1284,mobley_9185328~mobley_1803862,0.15191,0.0
1285,mobley_9185328~mobley_186894,0.16226,0.0
1286,mobley_9185328~mobley_1903702,0.16373,0.0
1287,mobley_9185328~mobley_1923244,0.13968,0.0
1288,mobley_9185328~mobley_1952272,0.0375,0.0
1289,mobley_9185328~mobley_1963873,0.16196,0.0
1290,mobley_9185328~mobley_1967551,0.03794,0.0
1291,mobley_9185328~mobley_1977493,0.15443,0.0
1292,mobley_9185328~mobley_2008055,0.0244775,0.0
1293,mobley_9185328~mobley_2049967,0.16218,0.0
1294,mobley_9185328~mobley_2068538,0.16316,0.0
1295,mobley_9185328~mobley_210639,0.0285,0.0
1296,mobley_9185328~mobley_2143011,0.14841,0.0
1297,mobley_9185328~mobley_2245668,0.15479,0.0
1298,mobley_9185328~mobley_2310185,0.13486,0.0
1299,mobley_9185328~mobley_2422586,0.15468,0.0
1300,mobley_9185328~mobley_2493732,0.0186625,0.0
1301,mobley_9185328~mobley_2802855,0.15239,0.0
1302,mobley_9185328~mobley_299266,0.15107,0.0
1303,mobley_9185328~mobley_303222,0.155,0.0
1304,mobley_9185328~mobley_313406,0.13135,0.0
1305,mobley_9185328~mobley_3269565,0.13212,0.0
1306,mobley_9185328~mobley_3867265,0.1596,0.0
1307,mobley_9185328~mobley_430089,0.15672,0.0
1308,mobley_9185328~mobley_4305650,0.13904,0.0
1309,mobley_9185328~mobley_4639255,0.15268,0.0
1310,mobley_9185328~mobley_4699732,0.1408,0.0
1311,mobley_9185328~mobley_4893032,0.12731,0.0
1312,mobley_9185328~mobley_511661,0.16564,0.0
1313,mobley_9185328~mobley_5157661,0.14378,0.0
1314,mobley_9185328~mobley_5449201,0.15617,0.0
1315,mobley_9185328~mobley_5627459,0.11255,0.0
1316,mobley_9185328~mobley_5692472,0.16352,0.0
1317,mobley_9185328~mobley_6235784,0.14359,0.0
1318,mobley_9185328~mobley_627267,0.12338,0.0
1319,mobley_9185328~mobley_6497672,0.16075,0.0
1320,mobley_9185328~mobley_6632459,0.16229,0.0
1321,mobley_9185328~mobley_6911232,0.14799,0.0
1322,mobley_9185328~mobley_6917738,0.16309,0.0
1323,mobley_9185328~mobley_7099614,0.16686,0.0
1324,mobley_9185328~mobley_7326982,0.1587,0.0
1325,mobley_9185328~mobley_7708038,0.16091,0.0
1326,mobley_9185328~mobley_7758918,0.16112,0.0
1327,mobley_9185328~mobley_7769613,0.040315,0.0
1328,mobley_9185328~mobley_778352,0.1414,0.0
1329,mobley_9185328~mobley_8048190,0.13178,0.0
1330,mobley_9185328~mobley_8118832,0.16152,0.0
1331,mobley_9185328~mobley_8221999,0.15085,0.0
1332,mobley_9185328~mobley_8260524,0.09708,0.0
1333,mobley_9185328~mobley_8320545,0.11702,0.0
1334,mobley_9185328~mobley_8426916,0.1557,0.0
1335,mobley_9185328~mobley_8427539,0.16405,0.0
1336,mobley_9185328~mobley_8573194,0.16595,0.0
1337,mobley_9185328~mobley_8765203,0.14983,0.0
1338,mobley_9185328~mobley_8772587,0.14922,0.0
1339,mobley_9185328~mobley_9112978,0.13554,0.0
1340,mobley_9185328~mobley_9121449,0.12782,0.0
1341,mobley_9185328~mobley_9209581,0.15185,0.0
1342,mobley_9185328~mobley_9246215,0.15223,0.0
1343,mobley_9185328~mobley_9434451,0.11459,0.0
1344,mobley_9185328~mobley_9624458,0.14493,0.0
1345,mobley_9185328~mobley_9671033,0.10899,0.0
1346,mobley_9185328~mobley_9733743,0.02972667,0.0
1347,mobley_9197172~mobley_1502181,0.13803,0.0
1348,mobley_9197172~mobley_1674094,0.08475,0.0
1349,mobley_9197172~mobley_1735893,0.14935,0.0
1350,mobley_9197172~mobley_1827204,0.14897,0.0
1351,mobley_9197172~mobley_1893937,0.14817,0.0
1352,mobley_9197172~mobley_1976156,0.10914,0.0
1353,mobley_9197172~mobley_2197088,0.13341,0.0
1354,mobley_9197172~mobley_2390199,0.15548,0.0
1355,mobley_9197172~mobley_2517158,0.14389,0.0
1356,mobley_9197172~mobley_3167746,0.15684,0.0
1357,mobley_9197172~mobley_3573480,0.15372,0.0
1358,mobley_9197172~mobley_36119,0.15228,0.0
1359,mobley_9197172~mobley_3709920,0.14608,0.0
1360,mobley_9197172~mobley_4375719,0.14943,0.0
1361,mobley_9197172~mobley_4694328,0.15919,0.0
1362,mobley_9197172~mobley_4759887,0.13775,0.0
1363,mobley_9197172~mobley_4762983,0.15413,0.0
1364,mobley_9197172~mobley_49274,0.11551,0.0
1365,mobley_9197172~mobley_5079234,0.1577,0.0
1366,mobley_9197172~mobley_6081058,0.16158,0.0
1367,mobley_9197172~mobley_6248915,0.15537,0.0
1368,mobley_9197172~mobley_6896128,0.13963,0.0
1369,mobley_9197172~mobley_718988,0.16511,0.0
1370,mobley_9197172~mobley_7859387,0.14422,0.0
1371,mobley_9197172~mobley_8467917,0.1497,0.0
1372,mobley_9197172~mobley_8522124,0.15268,0.0
1373,mobley_9197172~mobley_8614858,0.159,0.0
1374,mobley_9197172~mobley_9015240,0.10411,0.0
1375,mobley_9197172~mobley_9407874,0.15861,0.0
1376,mobley_9209581~mobley_5692472,0.15399,0.0
1377,mobley_9209581~mobley_6714389,0.12235,0.0
1378,mobley_9209581~mobley_7532833,0.13633,0.0
1379,mobley_9209581~mobley_8011706,0.16405,0.0
1380,mobley_9209581~mobley_8048190,0.16086,0.0
1381,mobley_9209581~mobley_8426916,0.10721,0.0
1382,mobley_9209581~mobley_9185328,0.1529,0.0
1383,mobley_9246215~mobley_1019269,0.15239,0.0
1384,mobley_9246215~mobley_1199854,0.10974,0.0
1385,mobley_9246215~mobley_1261349,0.10748,0.0
1386,mobley_9246215~mobley_1563176,0.13053,0.0
1387,mobley_9246215~mobley_1650157,0.013312,0.0
1388,mobley_9246215~mobley_1662128,0.1568,0.0
1389,mobley_9246215~mobley_1674094,0.1379,0.0
1390,mobley_9246215~mobley_1803862,0.13602,0.0
1391,mobley_9246215~mobley_1827204,0.10444,0.0
1392,mobley_9246215~mobley_186894,0.12504,0.0
1393,mobley_9246215~mobley_1875719,0.14436,0.0
1394,mobley_9246215~mobley_1881249,0.15348,0.0
1395,mobley_9246215~mobley_1893937,0.12387,0.0
1396,mobley_9246215~mobley_1899443,0.14946,0.0
1397,mobley_9246215~mobley_1903702,0.02147,0.0
1398,mobley_9246215~mobley_1923244,0.14845,0.0
1399,mobley_9246215~mobley_1977493,0.12143,0.0
1400,mobley_9246215~mobley_2068538,0.1372,0.0
1401,mobley_9246215~mobley_210639,0.1127,0.0
1402,mobley_9246215~mobley_2143011,0.14487,0.0
1403,mobley_9246215~mobley_2178600,0.13812,0.0
1404,mobley_9246215~mobley_2213823,0.12912,0.0
1405,mobley_9246215~mobley_2245668,0.11799,0.0
1406,mobley_9246215~mobley_2422586,0.15071,0.0
1407,mobley_9246215~mobley_2487143,0.13098,0.0
1408,mobley_9246215~mobley_252413,0.11043,0.0
1409,mobley_9246215~mobley_2609604,0.10255,0.0
1410,mobley_9246215~mobley_2802855,0.12948,0.0
1411,mobley_9246215~mobley_2864987,0.02366,0.0
1412,mobley_9246215~mobley_299266,0.11975,0.0
1413,mobley_9246215~mobley_303222,0.14962,0.0
1414,mobley_9246215~mobley_313406,0.15095,0.0
1415,mobley_9246215~mobley_3269565,0.12905,0.0
1416,mobley_9246215~mobley_3546460,0.014996,0.0
1417,mobley_9246215~mobley_3639400,0.13841,0.0
1418,mobley_9246215~mobley_3738859,0.08855,0.0
1419,mobley_9246215~mobley_3867265,0.13197,0.0
1420,mobley_9246215~mobley_4043951,0.15742,0.0
1421,mobley_9246215~mobley_4043987,0.11817,0.0
1422,mobley_9246215~mobley_430089,0.13511,0.0
1423,mobley_9246215~mobley_4305650,0.12054,0.0
1424,mobley_9246215~mobley_4561957,0.09978,0.0
1425,mobley_9246215~mobley_4699732,0.07767,0.0
1426,mobley_9246215~mobley_4762983,0.12995,0.0
1427,mobley_9246215~mobley_4792268,0.14234,0.0
1428,mobley_9246215~mobley_4893032,0.14451,0.0
1429,mobley_9246215~mobley_49274,0.12931,0.0
1430,mobley_9246215~mobley_511661,0.14802,0.0
1431,mobley_9246215~mobley_5157661,0.12659,0.0
1432,mobley_9246215~mobley_5286200,0.09771,0.0
1433,mobley_9246215~mobley_5310099,0.14567,0.0
1434,mobley_9246215~mobley_5449201,0.15173,0.0
1435,mobley_9246215~mobley_5627459,0.08004,0.0
1436,mobley_9246215~mobley_5690766,0.14804,0.0
1437,mobley_9246215~mobley_5759258,0.14199,0.0
1438,mobley_9246215~mobley_5935995,0.1051,0.0
1439,mobley_9246215~mobley_6060301,0.0181375,0.0
1440,mobley_9246215~mobley_6235784,0.13107,0.0
1441,mobley_9246215~mobley_6250025,0.11447,0.0
1442,mobley_9246215~mobley_627267,0.11456,0.0
1443,mobley_9246215~mobley_6497672,0.1476,0.0
1444,mobley_9246215~mobley_6632459,0.13225,0.0
1445,mobley_9246215~mobley_6812653,0.13133,0.0
1446,mobley_9246215~mobley_7047032,0.10325,0.0
1447,mobley_9246215~mobley_7099614,0.14496,0.0
1448,mobley_9246215~mobley_7106722,0.13681,0.0
1449,mobley_9246215~mobley_7142697,0.14036,0.0
1450,mobley_9246215~mobley_7227357,0.1441,0.0
1451,mobley_9246215~mobley_7326982,0.02242,0.0
1452,mobley_9246215~mobley_7610437,0.12684,0.0
1453,mobley_9246215~mobley_7708038,0.12048,0.0
1454,mobley_9246215~mobley_7758918,0.14763,0.0
1455,mobley_9246215~mobley_7769613,0.09885,0.0
1456,mobley_9246215~mobley_778352,0.12117,0.0
1457,mobley_9246215~mobley_7977115,0.0203825,0.0
1458,mobley_9246215~mobley_7983227,0.12786,0.0
1459,mobley_9246215~mobley_8118832,0.14766,0.0
1460,mobley_9246215~mobley_820789,0.15525,0.0
1461,mobley_9246215~mobley_8221999,0.13738,0.0
1462,mobley_9246215~mobley_8260524,0.11942,0.0
1463,mobley_9246215~mobley_8337977,0.12511,0.0
1464,mobley_9246215~mobley_8427539,0.15497,0.0
1465,mobley_9246215~mobley_8436428,0.11886,0.0
1466,mobley_9246215~mobley_8492526,0.14904,0.0
1467,mobley_9246215~mobley_8525830,0.03933,0.0
1468,mobley_9246215~mobley_8573194,0.15095,0.0
1469,mobley_9246215~mobley_8614858,0.12153,0.0
1470,mobley_9246215~mobley_8668219,0.09411,0.0
1471,mobley_9246215~mobley_8739734,0.11945,0.0
1472,mobley_9246215~mobley_8765203,0.13626,0.0
1473,mobley_9246215~mobley_8772587,0.1011,0.0
1474,mobley_9246215~mobley_900088,0.12342,0.0
1475,mobley_9246215~mobley_9112978,0.14912,0.0
1476,mobley_9246215~mobley_9121449,0.1291,0.0
1477,mobley_9246215~mobley_9185328,0.13815,0.0
1478,mobley_9246215~mobley_929676,0.11568,0.0
1479,mobley_9246215~mobley_9434451,0.12321,0.0
1480,mobley_9246215~mobley_9733743,0.15478,0.0
1481,mobley_9246215~mobley_9838013,0.11457,0.0
1482,mobley_9246215~mobley_9883303,0.12771,0.0
1483,mobley_9246351~mobley_1792062,0.14681,0.0
1484,mobley_9246351~mobley_7578802,0.12546,0.0
1485,mobley_9246351~mobley_7708038,0.1542,0.0
1486,mobley_9246351~mobley_7768165,0.15051,0.0
1487,mobley_9246351~mobley_8983100,0.10977,0.0
1488,mobley_9246351~mobley_9434451,0.09336,0.0
1489,mobley_9281946~mobley_1922649,0.13073,0.0
1490,mobley_929676~mobley_1674094,0.01895,0.0
1491,mobley_929676~mobley_1735893,0.16241,0.0
1492,mobley_929676~mobley_1827204,0.10968,0.0
1493,mobley_929676~mobley_1875719,0.14744,0.0
1494,mobley_929676~mobley_1881249,0.15442,0.0
1495,mobley_929676~mobley_1893937,0.12407,0.0
1496,mobley_929676~mobley_1899443,0.13195,0.0
1497,mobley_929676~mobley_2178600,0.14641,0.0
1498,mobley_929676~mobley_2213823,0.1253,0.0
1499,mobley_929676~mobley_2390199,0.16033,0.0
1500,mobley_929676~mobley_2487143,0.10101,0.0
1501,mobley_929676~mobley_2517158,0.14687,0.0
1502,mobley_929676~mobley_252413,0.09772,0.0
1503,mobley_929676~mobley_2609604,0.09583,0.0
1504,mobley_929676~mobley_2792521,0.09173,0.0
1505,mobley_929676~mobley_2802855,0.15143,0.0
1506,mobley_929676~mobley_2864987,0.14077,0.0
1507,mobley_929676~mobley_3167746,0.15157,0.0
1508,mobley_929676~mobley_3414356,0.11193,0.0
1509,mobley_929676~mobley_3546460,0.15714,0.0
1510,mobley_929676~mobley_3573480,0.14355,0.0
1511,mobley_929676~mobley_3738859,0.15628,0.0
1512,mobley_929676~mobley_4043951,0.14144,0.0
1513,mobley_929676~mobley_4043987,0.08685,0.0
1514,mobley_929676~mobley_430089,0.09281,0.0
1515,mobley_929676~mobley_4759887,0.1383,0.0
1516,mobley_929676~mobley_4762983,0.15254,0.0
1517,mobley_929676~mobley_4792268,0.15681,0.0
1518,mobley_929676~mobley_4893032,0.11662,0.0
1519,mobley_929676~mobley_49274,0.02333,0.0
1520,mobley_929676~mobley_5079234,0.048475,0.0
1521,mobley_929676~mobley_9197172,0.14507,0.0
1522,mobley_929676~mobley_9246215,0.13294,0.0
1523,mobley_9407874~mobley_1017962,0.15008,0.0
1524,mobley_9407874~mobley_1735893,0.14274,0.0
1525,mobley_9407874~mobley_1827204,0.13729,0.0
1526,mobley_9407874~mobley_1976156,0.11764,0.0
1527,mobley_9407874~mobley_2197088,0.14051,0.0
1528,mobley_9407874~mobley_2390199,0.14901,0.0
1529,mobley_9407874~mobley_2487143,0.13363,0.0
1530,mobley_9407874~mobley_2517158,0.13812,0.0
1531,mobley_9407874~mobley_2792521,0.06372,0.0
1532,mobley_9407874~mobley_3318135,0.14271,0.0
1533,mobley_9407874~mobley_3378420,0.02143,0.0
1534,mobley_9407874~mobley_3546460,0.15984,0.0
1535,mobley_9407874~mobley_4759887,0.13264,0.0
1536,mobley_9407874~mobley_4762983,0.14624,0.0
1537,mobley_9407874~mobley_49274,0.11907,0.0
1538,mobley_9407874~mobley_6896128,0.12631,0.0
1539,mobley_9407874~mobley_718988,0.15873,0.0
1540,mobley_9407874~mobley_7203421,0.11131,0.0
1541,mobley_9407874~mobley_8467917,0.15029,0.0
1542,mobley_9407874~mobley_8522124,0.11635,0.0
1543,mobley_9407874~mobley_8614858,0.15405,0.0
1544,mobley_9407874~mobley_9015240,0.11825,0.0
1545,mobley_9407874~mobley_9197172,0.15893,0.0
1546,mobley_9407874~mobley_9617923,0.10254,0.0
1547,mobley_9414831~mobley_2261979,0.06937,0.0
1548,mobley_9414831~mobley_282648,0.16302,0.0
1549,mobley_9414831~mobley_3264884,0.01509,0.0
1550,mobley_9414831~mobley_3663158,0.15143,0.0
1551,mobley_9414831~mobley_3715043,0.1537,0.0
1552,mobley_9414831~mobley_3843583,0.14998,0.0
1553,mobley_9414831~mobley_5110043,0.013296,0.0
1554,mobley_9414831~mobley_5263791,0.15465,0.0
1555,mobley_9414831~mobley_547634,0.014308,0.0
1556,mobley_9414831~mobley_5665561,0.15923,0.0
1557,mobley_9414831~mobley_7039935,0.15184,0.0
1558,mobley_9434451~mobley_1019269,0.0165225,0.0
1559,mobley_9434451~mobley_1107178,0.008855,0.0
1560,mobley_9434451~mobley_1199854,0.01840667,0.0
1561,mobley_9434451~mobley_1231151,0.1234,0.0
1562,mobley_9434451~mobley_1261349,0.14404,0.0
1563,mobley_9434451~mobley_1563176,0.0178725,0.0
1564,mobley_9434451~mobley_1650157,0.15525,0.0
1565,mobley_9434451~mobley_1662128,0.09463,0.0
1566,mobley_9434451~mobley_1792062,0.06849,0.0
1567,mobley_9434451~mobley_1800170,0.11427,0.0
1568,mobley_9434451~mobley_1803862,0.037655,0.0
1569,mobley_9434451~mobley_1857976,0.0683,0.0
1570,mobley_9434451~mobley_186894,0.07504,0.0
1571,mobley_9434451~mobley_1903702,0.08939,0.0
1572,mobley_9434451~mobley_1923244,0.09721,0.0
1573,mobley_9434451~mobley_1967551,0.07659,0.0
1574,mobley_9434451~mobley_1977493,0.07701,0.0
1575,mobley_9434451~mobley_2008055,0.10325,0.0
1576,mobley_9434451~mobley_2049967,0.0665,0.0
1577,mobley_9434451~mobley_2068538,0.10982,0.0
1578,mobley_9434451~mobley_210639,0.13055,0.0
1579,mobley_9434451~mobley_2143011,0.14764,0.0
1580,mobley_9434451~mobley_2198613,0.06203,0.0
1581,mobley_9434451~mobley_2245668,0.05093,0.0
1582,mobley_9434451~mobley_2310185,0.10659,0.0
1583,mobley_9434451~mobley_2410897,0.11683,0.0
1584,mobley_9434451~mobley_2422586,0.09253,0.0
1585,mobley_9434451~mobley_2493732,0.02707,0.0
1586,mobley_9434451~mobley_2802855,0.09424,0.0
1587,mobley_9434451~mobley_299266,0.15409,0.0
1588,mobley_9434451~mobley_303222,0.16087,0.0
1589,mobley_9434451~mobley_3034976,0.10239,0.0
1590,mobley_9434451~mobley_313406,0.10188,0.0
1591,mobley_9434451~mobley_3269565,0.14211,0.0
1592,mobley_9434451~mobley_3370989,0.09087,0.0
1593,mobley_9434451~mobley_3867265,0.09886,0.0
1594,mobley_9434451~mobley_3999471,0.00595286,0.0
1595,mobley_9434451~mobley_4043951,0.07492,0.0
1596,mobley_9434451~mobley_430089,0.10093,0.0
1597,mobley_9434451~mobley_4305650,0.08773,0.0
1598,mobley_9434451~mobley_4465023,0.13648,0.0
1599,mobley_9434451~mobley_511661,0.14685,0.0
1600,mobley_9434451~mobley_5157661,0.16039,0.0
1601,mobley_9434451~mobley_6474572,0.11253,0.0
1602,mobley_9434451~mobley_6497672,0.10245,0.0
1603,mobley_9434451~mobley_6632459,0.1067,0.0
1604,mobley_9434451~mobley_6911232,0.09712,0.0
1605,mobley_9434451~mobley_7047032,0.12991,0.0
1606,mobley_9434451~mobley_7099614,0.12894,0.0
1607,mobley_9434451~mobley_7326982,0.15635,0.0
1608,mobley_9434451~mobley_7532833,0.15104,0.0
1609,mobley_9434451~mobley_7578802,0.16366,0.0
1610,mobley_9434451~mobley_7708038,0.06146,0.0
1611,mobley_9434451~mobley_7758918,0.08889,0.0
1612,mobley_9434451~mobley_7768165,0.01874333,0.0
1613,mobley_9434451~mobley_7769613,0.11379,0.0
1614,mobley_9434451~mobley_778352,0.1368,0.0
1615,mobley_9434451~mobley_8048190,0.10486,0.0
1616,mobley_9434451~mobley_8118832,0.15351,0.0
1617,mobley_9434451~mobley_8221999,0.09812,0.0
1618,mobley_9434451~mobley_8260524,0.11747,0.0
1619,mobley_9434451~mobley_8427539,0.09662,0.0
1620,mobley_9434451~mobley_8573194,0.02606,0.0
1621,mobley_9434451~mobley_8765203,0.12653,0.0
1622,mobley_9434451~mobley_8772587,0.04324,0.0
1623,mobley_9434451~mobley_8983100,0.15204,0.0
1624,mobley_9434451~mobley_9112978,0.042775,0.0
1625,mobley_9434451~mobley_9121449,0.07939,0.0
1626,mobley_9434451~mobley_9185328,0.09329,0.0
1627,mobley_9434451~mobley_9246215,0.12702,0.0
1628,mobley_9434451~mobley_9246351,0.0844,0.0
1629,mobley_9434451~mobley_9624458,0.02434,0.0
1630,mobley_9434451~mobley_9733743,0.011196,0.0
1631,mobley_9434451~mobley_9913368,0.1252,0.0
1632,mobley_9434451~mobley_994483,0.16089,0.0
1633,mobley_9478823~mobley_1079207,0.11201,0.0
1634,mobley_9478823~mobley_1178614,0.11889,0.0
1635,mobley_9478823~mobley_1189457,0.013792,0.0
1636,mobley_9478823~mobley_1424265,0.1395,0.0
1637,mobley_9478823~mobley_1571523,0.16124,0.0
1638,mobley_9478823~mobley_1728386,0.01062333,0.0
1639,mobley_9478823~mobley_1733799,0.10565,0.0
1640,mobley_9478823~mobley_1755375,0.15342,0.0
1641,mobley_9478823~mobley_1760914,0.1424,0.0
1642,mobley_9478823~mobley_1873346,0.16199,0.0
1643,mobley_9478823~mobley_1905088,0.10835,0.0
1644,mobley_9478823~mobley_20524,0.15339,0.0
1645,mobley_9478823~mobley_2123854,0.11503,0.0
1646,mobley_9478823~mobley_2126135,0.14998,0.0
1647,mobley_9478823~mobley_2451097,0.12997,0.0
1648,mobley_9478823~mobley_2484519,0.12051,0.0
1649,mobley_9478823~mobley_2489709,0.03842,0.0
1650,mobley_9478823~mobley_2689721,0.0191025,0.0
1651,mobley_9478823~mobley_2850833,0.16007,0.0
1652,mobley_9478823~mobley_2859600,0.020695,0.0
1653,mobley_9478823~mobley_2923700,0.02141,0.0
1654,mobley_9478823~mobley_2925352,0.15466,0.0
1655,mobley_9478823~mobley_3040612,0.15825,0.0
1656,mobley_9478823~mobley_3053621,0.14072,0.0
1657,mobley_9478823~mobley_3144334,0.15005,0.0
1658,mobley_9478823~mobley_3169935,0.12029,0.0
1659,mobley_9478823~mobley_3183805,0.15545,0.0
1660,mobley_9478823~mobley_3187514,0.15063,0.0
1661,mobley_9478823~mobley_3234716,0.1413,0.0
1662,mobley_9478823~mobley_3398536,0.01839,0.0
1663,mobley_9478823~mobley_3452749,0.15326,0.0
1664,mobley_9478823~mobley_3682850,0.0171675,0.0
1665,mobley_9478823~mobley_3727287,0.13766,0.0
1666,mobley_9478823~mobley_3969312,0.15432,0.0
1667,mobley_9478823~mobley_4035953,0.15071,0.0
1668,mobley_9478823~mobley_4395315,0.16253,0.0
1669,mobley_9478823~mobley_4483973,0.12845,0.0
1670,mobley_9478823~mobley_4494568,0.10677,0.0
1671,mobley_9478823~mobley_4553008,0.11218,0.0
1672,mobley_9478823~mobley_4715906,0.14935,0.0
1673,mobley_9478823~mobley_4780078,0.15298,0.0
1674,mobley_9478823~mobley_4883284,0.15409,0.0
1675,mobley_9478823~mobley_5311804,0.15292,0.0
1676,mobley_9478823~mobley_5445548,0.015108,0.0
1677,mobley_9478823~mobley_5518547,0.15498,0.0
1678,mobley_9478823~mobley_5520946,0.1572,0.0
1679,mobley_9478823~mobley_6571751,0.0223975,0.0
1680,mobley_9478823~mobley_6743808,0.16066,0.0
1681,mobley_9478823~mobley_7010316,0.010435,0.0
1682,mobley_9478823~mobley_7066554,0.10667,0.0
1683,mobley_9478823~mobley_7150646,0.0948,0.0
1684,mobley_9478823~mobley_7200804,0.14811,0.0
1685,mobley_9478823~mobley_7295828,0.01210167,0.0
1686,mobley_9478823~mobley_7497999,0.03144333,0.0
1687,mobley_9478823~mobley_7608462,0.09616,0.0
1688,mobley_9478823~mobley_7688753,0.14166,0.0
1689,mobley_9478823~mobley_7774695,0.02653667,0.0
1690,mobley_9478823~mobley_7988076,0.1518,0.0
1691,mobley_9478823~mobley_8057732,0.11187,0.0
1692,mobley_9478823~mobley_8127829,0.02978,0.0
1693,mobley_9478823~mobley_852937,0.14841,0.0
1694,mobley_9478823~mobley_8691603,0.15437,0.0
1695,mobley_9478823~mobley_8723116,0.11203,0.0
1696,mobley_9478823~mobley_8789465,0.02364667,0.0
1697,mobley_9478823~mobley_8883511,0.15411,0.0
1698,mobley_9478823~mobley_9139060,0.01151333,0.0
1699,mobley_9478823~mobley_9942801,0.02507667,0.0
1700,mobley_9507933~mobley_1363784,0.13389,0.0
1701,mobley_9507933~mobley_1520842,0.0330425,0.0
1702,mobley_9507933~mobley_2371092,0.013032,0.0
1703,mobley_9507933~mobley_2789243,0.09041,0.0
1704,mobley_9507933~mobley_296847,0.13883,0.0
1705,mobley_9507933~mobley_4287564,0.16129,0.0
1706,mobley_9507933~mobley_4291494,0.15666,0.0
1707,mobley_9507933~mobley_4584540,0.14247,0.0
1708,mobley_9507933~mobley_4884177,0.03009667,0.0
1709,mobley_9507933~mobley_5977084,0.16365,0.0
1710,mobley_9507933~mobley_6232400,0.15378,0.0
1711,mobley_9507933~mobley_8746821,0.13607,0.0
1712,mobley_9507933~mobley_8764620,0.13562,0.0
1713,mobley_9507933~mobley_8861672,0.13993,0.0
1714,mobley_951560~mobley_2771569,0.1559,0.0
1715,mobley_9565165~mobley_2261979,0.014326,0.0
1716,mobley_9617923~mobley_1502181,0.16127,0.0
1717,mobley_9617923~mobley_1976156,0.16233,0.0
1718,mobley_9617923~mobley_2197088,0.15103,0.0
1719,mobley_9617923~mobley_3151666,0.16201,0.0
1720,mobley_9617923~mobley_3378420,0.15795,0.0
1721,mobley_9617923~mobley_7375018,0.15574,0.0
1722,mobley_9626434~mobley_1075836,0.11625,0.0
1723,mobley_9626434~mobley_1144156,0.16316,0.0
1724,mobley_9626434~mobley_1615431,0.12413,0.0
1725,mobley_9626434~mobley_2294995,0.03885333,0.0
1726,mobley_9626434~mobley_2422586,0.15756,0.0
1727,mobley_9626434~mobley_3259411,0.1556,0.0
1728,mobley_9626434~mobley_3269565,0.0209125,0.0
1729,mobley_9626434~mobley_3982371,0.02617,0.0
1730,mobley_9626434~mobley_4603202,0.13776,0.0
1731,mobley_9626434~mobley_4630641,0.11925,0.0
1732,mobley_9626434~mobley_4639255,0.14424,0.0
1733,mobley_9626434~mobley_4687447,0.1572,0.0
1734,mobley_9626434~mobley_4690963,0.12887,0.0
1735,mobley_9626434~mobley_5816127,0.16138,0.0
1736,mobley_9626434~mobley_5880265,0.14579,0.0
1737,mobley_9626434~mobley_6854178,0.016702,0.0
1738,mobley_9626434~mobley_6911232,0.026585,0.0
1739,mobley_9626434~mobley_6917738,0.15743,0.0
1740,mobley_9626434~mobley_6929123,0.13922,0.0
1741,mobley_9626434~mobley_6973347,0.162,0.0
1742,mobley_9626434~mobley_6981465,0.13247,0.0
1743,mobley_9626434~mobley_7542832,0.15147,0.0
1744,mobley_9626434~mobley_7573149,0.16071,0.0
1745,mobley_9626434~mobley_7943327,0.16078,0.0
1746,mobley_9626434~mobley_8754702,0.15656,0.0
1747,mobley_9626434~mobley_9794857,0.017235,0.0
1748,mobley_9653690~mobley_1160109,0.16193,0.0
1749,mobley_9653690~mobley_1449384,0.03653667,0.0
1750,mobley_9653690~mobley_2183616,0.011124,0.0
1751,mobley_9653690~mobley_2354112,0.11794,0.0
1752,mobley_9653690~mobley_3746675,0.01993,0.0
1753,mobley_9653690~mobley_5006685,0.16279,0.0
1754,mobley_9653690~mobley_5445548,0.014574,0.0
1755,mobley_9653690~mobley_5616693,0.13347,0.0
1756,mobley_9653690~mobley_7676709,0.14736,0.0
1757,mobley_9653690~mobley_7893124,0.0186525,0.0
1758,mobley_9653690~mobley_8337722,0.13007,0.0
1759,mobley_9653690~mobley_9942801,0.03386333,0.0
1760,mobley_9671033~mobley_1952272,0.13602,0.0
1761,mobley_9671033~mobley_4893032,0.10973,0.0
1762,mobley_9671033~mobley_6006813,0.02394,0.0
1763,mobley_9671033~mobley_7142697,0.0158075,0.0
1764,mobley_9671033~mobley_8221999,0.03303,0.0
1765,mobley_9671033~mobley_8320545,0.030485,0.0
1766,mobley_9671033~mobley_8427539,0.09733,0.0
1767,mobley_9671033~mobley_9185328,0.1105,0.0
1768,mobley_9671033~mobley_9733743,0.12784,0.0
1769,mobley_9705941~mobley_2972906,0.16477,0.0
1770,mobley_9729792~mobley_1244778,0.12531,0.0
1771,mobley_9733743~mobley_1019269,0.13047,0.0
1772,mobley_9733743~mobley_1563176,0.16247,0.0
1773,mobley_9733743~mobley_1650157,0.012356,0.0
1774,mobley_9733743~mobley_1662128,0.16149,0.0
1775,mobley_9733743~mobley_1674094,0.15672,0.0
1776,mobley_9733743~mobley_1803862,0.14388,0.0
1777,mobley_9733743~mobley_1903702,0.16101,0.0
1778,mobley_9733743~mobley_1923244,0.16427,0.0
1779,mobley_9733743~mobley_2143011,0.1289,0.0
1780,mobley_9733743~mobley_2213823,0.15007,0.0
1781,mobley_9733743~mobley_2245668,0.10863,0.0
1782,mobley_9733743~mobley_2410897,0.026915,0.0
1783,mobley_9733743~mobley_2422586,0.14766,0.0
1784,mobley_9733743~mobley_2802855,0.16325,0.0
1785,mobley_9733743~mobley_2864987,0.15972,0.0
1786,mobley_9733743~mobley_303222,0.024025,0.0
1787,mobley_9733743~mobley_313406,0.13442,0.0
1788,mobley_9733743~mobley_3269565,0.14172,0.0
1789,mobley_9733743~mobley_3639400,0.15935,0.0
1790,mobley_9733743~mobley_3738859,0.1528,0.0
1791,mobley_9733743~mobley_3867265,0.03155333,0.0
1792,mobley_9733743~mobley_4043951,0.14841,0.0
1793,mobley_9733743~mobley_430089,0.12792,0.0
1794,mobley_9733743~mobley_4561957,0.11936,0.0
1795,mobley_9733743~mobley_4893032,0.15215,0.0
1796,mobley_9733743~mobley_511661,0.14596,0.0
1797,mobley_9733743~mobley_5157661,0.0223025,0.0
1798,mobley_9733743~mobley_5286200,0.13861,0.0
1799,mobley_9733743~mobley_5310099,0.15224,0.0
1800,mobley_9733743~mobley_5449201,0.14005,0.0
1801,mobley_9733743~mobley_5690766,0.15214,0.0
1802,mobley_9733743~mobley_5759258,0.04968,0.0
1803,mobley_9733743~mobley_5935995,0.11206,0.0
1804,mobley_9733743~mobley_6235784,0.12778,0.0
1805,mobley_9733743~mobley_6497672,0.16241,0.0
1806,mobley_9733743~mobley_7142697,0.03129,0.0
1807,mobley_9733743~mobley_778352,0.1287,0.0
1808,mobley_9733743~mobley_8221999,0.13186,0.0
1809,mobley_9733743~mobley_8426916,0.15059,0.0
1810,mobley_9733743~mobley_8427539,0.13002,0.0
1811,mobley_9733743~mobley_8492526,0.16034,0.0
1812,mobley_9733743~mobley_8573194,0.16075,0.0
1813,mobley_9733743~mobley_8765203,0.065505,0.0
1814,mobley_9733743~mobley_8772587,0.15458,0.0
1815,mobley_9733743~mobley_9112978,0.16163,0.0
1816,mobley_9733743~mobley_9121449,0.10387,0.0
1817,mobley_9733743~mobley_9246215,0.16242,0.0
1818,mobley_9794857~mobley_1075836,0.12551,0.0
1819,mobley_9794857~mobley_1144156,0.11022,0.0
1820,mobley_9794857~mobley_1261349,0.15302,0.0
1821,mobley_9794857~mobley_1615431,0.10908,0.0
1822,mobley_9794857~mobley_1650157,0.144,0.0
1823,mobley_9794857~mobley_1803862,0.15255,0.0
1824,mobley_9794857~mobley_1875719,0.07571,0.0
1825,mobley_9794857~mobley_1881249,0.07563,0.0
1826,mobley_9794857~mobley_1899443,0.12797,0.0
1827,mobley_9794857~mobley_1903702,0.14621,0.0
1828,mobley_9794857~mobley_2143011,0.14938,0.0
1829,mobley_9794857~mobley_2213823,0.12786,0.0
1830,mobley_9794857~mobley_2245668,0.1492,0.0
1831,mobley_9794857~mobley_2294995,0.13262,0.0
1832,mobley_9794857~mobley_2422586,0.11504,0.0
1833,mobley_9794857~mobley_2864987,0.12183,0.0
1834,mobley_9794857~mobley_299266,0.13679,0.0
1835,mobley_9794857~mobley_3259411,0.12347,0.0
1836,mobley_9794857~mobley_3414356,0.14434,0.0
1837,mobley_9794857~mobley_3867265,0.13878,0.0
1838,mobley_9794857~mobley_3982371,0.15529,0.0
1839,mobley_9794857~mobley_4561957,0.13505,0.0
1840,mobley_9794857~mobley_4630641,0.09954,0.0
1841,mobley_9794857~mobley_5157661,0.15703,0.0
1842,mobley_9794857~mobley_5627459,0.15178,0.0
1843,mobley_9794857~mobley_5816127,0.12213,0.0
1844,mobley_9794857~mobley_5935995,0.14296,0.0
1845,mobley_9794857~mobley_5973402,0.14689,0.0
1846,mobley_9794857~mobley_627267,0.09194,0.0
1847,mobley_9794857~mobley_6911232,0.1374,0.0
1848,mobley_9794857~mobley_6917738,0.11681,0.0
1849,mobley_9794857~mobley_6929123,0.11127,0.0
1850,mobley_9794857~mobley_6973347,0.1025,0.0
1851,mobley_9794857~mobley_6981465,0.12412,0.0
1852,mobley_9794857~mobley_7047032,0.15264,0.0
1853,mobley_9794857~mobley_7106722,0.12567,0.0
1854,mobley_9794857~mobley_7227357,0.11822,0.0
1855,mobley_9794857~mobley_7326982,0.152,0.0
1856,mobley_9794857~mobley_7769613,0.15629,0.0
1857,mobley_9794857~mobley_778352,0.1527,0.0
1858,mobley_9794857~mobley_7983227,0.13968,0.0
1859,mobley_9794857~mobley_8739734,0.11311,0.0
1860,mobley_9794857~mobley_8754702,0.02193333,0.0
1861,mobley_9794857~mobley_8765203,0.15253,0.0
1862,mobley_9794857~mobley_900088,0.13777,0.0
1863,mobley_9794857~mobley_9626434,0.0153875,0.0
1864,mobley_9838013~mobley_1019269,0.14175,0.0
1865,mobley_9838013~mobley_1075836,0.1419,0.0
1866,mobley_9838013~mobley_1261349,0.15544,0.0
1867,mobley_9838013~mobley_1563176,0.09653,0.0
1868,mobley_9838013~mobley_1662128,0.02687,0.0
1869,mobley_9838013~mobley_1674094,0.11919,0.0
1870,mobley_9838013~mobley_1923244,0.14907,0.0
1871,mobley_9838013~mobley_2178600,0.10531,0.0
1872,mobley_9838013~mobley_2245668,0.16216,0.0
1873,mobley_9838013~mobley_2422586,0.12086,0.0
1874,mobley_9838013~mobley_2487143,0.08419,0.0
1875,mobley_9838013~mobley_252413,0.1475,0.0
1876,mobley_9838013~mobley_2609604,0.14556,0.0
1877,mobley_9838013~mobley_2802855,0.09068,0.0
1878,mobley_9838013~mobley_2929847,0.15808,0.0
1879,mobley_9838013~mobley_299266,0.02719,0.0
1880,mobley_9838013~mobley_313406,0.14189,0.0
1881,mobley_9838013~mobley_3259411,0.14719,0.0
1882,mobley_9838013~mobley_3269565,0.16424,0.0
1883,mobley_9838013~mobley_3639400,0.10238,0.0
1884,mobley_9838013~mobley_3738859,0.11508,0.0
1885,mobley_9838013~mobley_3867265,0.14341,0.0
1886,mobley_9838013~mobley_4043951,0.12245,0.0
1887,mobley_9838013~mobley_4043987,0.13548,0.0
1888,mobley_9838013~mobley_430089,0.11528,0.0
1889,mobley_9838013~mobley_4893032,0.10914,0.0
1890,mobley_9838013~mobley_5123639,0.13624,0.0
1891,mobley_9838013~mobley_5157661,0.14817,0.0
1892,mobley_9838013~mobley_5286200,0.04178,0.0
1893,mobley_9838013~mobley_5310099,0.10884,0.0
1894,mobley_9838013~mobley_5346580,0.15644,0.0
1895,mobley_9838013~mobley_5449201,0.12992,0.0
1896,mobley_9838013~mobley_5627459,0.16037,0.0
1897,mobley_9838013~mobley_5690766,0.09323,0.0
1898,mobley_9838013~mobley_5759258,0.010914,0.0
1899,mobley_9838013~mobley_6235784,0.14893,0.0
1900,mobley_9838013~mobley_627267,0.08758,0.0
1901,mobley_9838013~mobley_6632459,0.15097,0.0
1902,mobley_9838013~mobley_6812653,0.11803,0.0
1903,mobley_9838013~mobley_6854178,0.15627,0.0
1904,mobley_9838013~mobley_7047032,0.152,0.0
1905,mobley_9838013~mobley_7142697,0.013862,0.0
1906,mobley_9838013~mobley_7326982,0.15903,0.0
1907,mobley_9838013~mobley_7610437,0.13509,0.0
1908,mobley_9838013~mobley_7769613,0.13947,0.0
1909,mobley_9838013~mobley_7977115,0.10909,0.0
1910,mobley_9838013~mobley_8118832,0.13047,0.0
1911,mobley_9838013~mobley_820789,0.12813,0.0
1912,mobley_9838013~mobley_8221999,0.12002,0.0
1913,mobley_9838013~mobley_8337977,0.13982,0.0
1914,mobley_9838013~mobley_8427539,0.15565,0.0
1915,mobley_9838013~mobley_8436428,0.11737,0.0
1916,mobley_9838013~mobley_8492526,0.08908,0.0
1917,mobley_9838013~mobley_8525830,0.09501,0.0
1918,mobley_9838013~mobley_8573194,0.14322,0.0
1919,mobley_9838013~mobley_8668219,0.1171,0.0
1920,mobley_9838013~mobley_8739734,0.16406,0.0
1921,mobley_9838013~mobley_8754702,0.09769,0.0
1922,mobley_9838013~mobley_8765203,0.04436667,0.0
1923,mobley_9838013~mobley_8772587,0.0178625,0.0
1924,mobley_9838013~mobley_9112978,0.0230025,0.0
1925,mobley_9838013~mobley_9121449,0.02313,0.0
1926,mobley_9838013~mobley_9246215,0.056585,0.0
1927,mobley_9838013~mobley_9733743,0.13138,0.0
1928,mobley_9838013~mobley_9794857,0.15456,0.0
1929,mobley_9838013~mobley_9883303,0.13221,0.0
1930,mobley_9883303~mobley_1139153,0.10606,0.0
1931,mobley_9883303~mobley_1674094,0.09694,0.0
1932,mobley_9883303~mobley_1735893,0.14931,0.0
1933,mobley_9883303~mobley_1827204,0.1523,0.0
1934,mobley_9883303~mobley_1893937,0.11897,0.0
1935,mobley_9883303~mobley_1899443,0.14975,0.0
1936,mobley_9883303~mobley_2213823,0.16107,0.0
1937,mobley_9883303~mobley_2487143,0.15454,0.0
1938,mobley_9883303~mobley_252413,0.13122,0.0
1939,mobley_9883303~mobley_2609604,0.1328,0.0
1940,mobley_9883303~mobley_2792521,0.15635,0.0
1941,mobley_9883303~mobley_3414356,0.15212,0.0
1942,mobley_9883303~mobley_3546460,0.15225,0.0
1943,mobley_9883303~mobley_4043987,0.13856,0.0
1944,mobley_9883303~mobley_4762983,0.14185,0.0
1945,mobley_9883303~mobley_49274,0.13571,0.0
1946,mobley_9883303~mobley_5079234,0.021035,0.0
1947,mobley_9883303~mobley_5123639,0.14875,0.0
1948,mobley_9883303~mobley_5310099,0.15246,0.0
1949,mobley_9883303~mobley_5346580,0.1198,0.0
1950,mobley_9883303~mobley_5449201,0.15638,0.0
1951,mobley_9883303~mobley_5690766,0.13691,0.0
1952,mobley_9883303~mobley_5759258,0.15686,0.0
1953,mobley_9883303~mobley_5935995,0.13057,0.0
1954,mobley_9883303~mobley_5973402,0.15473,0.0
1955,mobley_9883303~mobley_6060301,0.14802,0.0
1956,mobley_9883303~mobley_6250025,0.02775333,0.0
1957,mobley_9883303~mobley_6812653,0.15887,0.0
1958,mobley_9883303~mobley_6896128,0.15719,0.0
1959,mobley_9883303~mobley_7106722,0.15787,0.0
1960,mobley_9883303~mobley_7142697,0.15941,0.0
1961,mobley_9883303~mobley_7157427,0.11678,0.0
1962,mobley_9883303~mobley_718988,0.0195275,0.0
1963,mobley_9883303~mobley_7203421,0.14304,0.0
1964,mobley_9883303~mobley_7227357,0.15698,0.0
1965,mobley_9883303~mobley_7610437,0.15205,0.0
1966,mobley_9883303~mobley_778352,0.13977,0.0
1967,mobley_9883303~mobley_7859387,0.10379,0.0
1968,mobley_9883303~mobley_7977115,0.14571,0.0
1969,mobley_9883303~mobley_7983227,0.1418,0.0
1970,mobley_9883303~mobley_8337977,0.15694,0.0
1971,mobley_9883303~mobley_8436428,0.13843,0.0
1972,mobley_9883303~mobley_8467917,0.12374,0.0
1973,mobley_9883303~mobley_8492526,0.14759,0.0
1974,mobley_9883303~mobley_8522124,0.1309,0.0
1975,mobley_9883303~mobley_8525830,0.01925,0.0
1976,mobley_9883303~mobley_8614858,0.13706,0.0
1977,mobley_9883303~mobley_8668219,0.13624,0.0
1978,mobley_9883303~mobley_8739734,0.14964,0.0
1979,mobley_9883303~mobley_8765203,0.13472,0.0
1980,mobley_9883303~mobley_9112978,0.15385,0.0
1981,mobley_9883303~mobley_9197172,0.12166,0.0
1982,mobley_9883303~mobley_9246215,0.15433,0.0
1983,mobley_9883303~mobley_929676,0.10655,0.0
1984,mobley_9883303~mobley_9838013,0.14392,0.0
1985,mobley_9897248~mobley_1502181,0.1084,0.0
1986,mobley_9897248~mobley_1976156,0.08533,0.0
1987,mobley_9897248~mobley_3151666,0.008546,0.0
1988,mobley_9897248~mobley_3378420,0.0179175,0.0
1989,mobley_9897248~mobley_36119,0.10738,0.0
1990,mobley_9897248~mobley_4694328,0.09634,0.0
1991,mobley_9897248~mobley_6081058,0.11641,0.0
1992,mobley_9897248~mobley_7608435,0.02329,0.0
1993,mobley_9897248~mobley_819018,0.09094,0.0
1994,mobley_9897248~mobley_9617923,0.08641,0.0
1995,mobley_9942801~mobley_1160109,0.12809,0.0
1996,mobley_9942801~mobley_1424265,0.02125,0.0
1997,mobley_9942801~mobley_1449384,0.15493,0.0
1998,mobley_9942801~mobley_1571523,0.01055167,0.0
1999,mobley_9942801~mobley_1728386,0.14566,0.0
2000,mobley_9942801~mobley_1760914,0.10079,0.0
2001,mobley_9942801~mobley_1858644,0.15434,0.0
2002,mobley_9942801~mobley_1873346,0.15903,0.0
2003,mobley_9942801~mobley_1905088,0.04976,0.0
2004,mobley_9942801~mobley_1987439,0.01326,0.0
2005,mobley_9942801~mobley_2043882,0.0224875,0.0
2006,mobley_9942801~mobley_2123854,0.14702,0.0
2007,mobley_9942801~mobley_2126135,0.15622,0.0
2008,mobley_9942801~mobley_2354112,0.15218,0.0
2009,mobley_9942801~mobley_2451097,0.13276,0.0
2010,mobley_9942801~mobley_2484519,0.11534,0.0
2011,mobley_9942801~mobley_2661134,0.00980333,0.0
2012,mobley_9942801~mobley_2850833,0.012162,0.0
2013,mobley_9942801~mobley_2859600,0.15348,0.0
2014,mobley_9942801~mobley_2923700,0.15277,0.0
2015,mobley_9942801~mobley_2925352,0.15311,0.0
2016,mobley_9942801~mobley_3040612,0.13886,0.0
2017,mobley_9942801~mobley_3144334,0.15521,0.0
2018,mobley_9942801~mobley_3183805,0.03041333,0.0
2019,mobley_9942801~mobley_3187514,0.012704,0.0
2020,mobley_9942801~mobley_3234716,0.16422,0.0
2021,mobley_9942801~mobley_3452749,0.014742,0.0
2022,mobley_9942801~mobley_349850,0.15363,0.0
2023,mobley_9942801~mobley_3746675,0.14058,0.0
2024,mobley_9942801~mobley_3969312,0.15158,0.0
2025,mobley_9942801~mobley_4252724,0.10926,0.0
2026,mobley_9942801~mobley_4395315,0.00894667,0.0
2027,mobley_9942801~mobley_4494568,0.15426,0.0
2028,mobley_9942801~mobley_4683624,0.15317,0.0
2029,mobley_9942801~mobley_4715906,0.08565,0.0
2030,mobley_9942801~mobley_4780078,0.01436,0.0
2031,mobley_9942801~mobley_5006685,0.12694,0.0
2032,mobley_9942801~mobley_5311804,0.15989,0.0
2033,mobley_9942801~mobley_5445548,0.13528,0.0
2034,mobley_9942801~mobley_5518547,0.15738,0.0
2035,mobley_9942801~mobley_5616693,0.11488,0.0
2036,mobley_9942801~mobley_6175884,0.15465,0.0
2037,mobley_9942801~mobley_6430250,0.14215,0.0
2038,mobley_9942801~mobley_6743808,0.03047,0.0
2039,mobley_9942801~mobley_7463799,0.0194225,0.0
2040,mobley_9942801~mobley_7497999,0.15599,0.0
2041,mobley_9942801~mobley_7676709,0.12942,0.0
2042,mobley_9942801~mobley_7688753,0.014664,0.0
2043,mobley_9942801~mobley_7893124,0.10673,0.0
2044,mobley_9942801~mobley_7988076,0.16015,0.0
2045,mobley_9942801~mobley_8127829,0.15881,0.0
2046,mobley_9942801~mobley_8337722,0.01483,0.0
2047,mobley_9942801~mobley_8691603,0.0180425,0.0
2048,mobley_9942801~mobley_8809190,0.011622,0.0
2049,mobley_9942801~mobley_8883511,0.019125,0.0
2050,mobley_9942801~mobley_9139060,0.12806,0.0
2051,mobley_9942801~mobley_9478823,0.02765,0.0
2052,mobley_9942801~mobley_9653690,0.0208425,0.0
2053,mobley_994483~mobley_1107178,0.0111525,0.0
2054,mobley_994483~mobley_1199854,0.08335,0.0
2055,mobley_994483~mobley_1231151,0.06103,0.0
2056,mobley_994483~mobley_1662128,0.08872,0.0
2057,mobley_994483~mobley_1792062,0.1288,0.0
2058,mobley_994483~mobley_1800170,0.07149,0.0
2059,mobley_994483~mobley_1857976,0.14748,0.0
2060,mobley_994483~mobley_186894,0.02542333,0.0
2061,mobley_994483~mobley_1967551,0.15437,0.0
2062,mobley_994483~mobley_1977493,0.09591,0.0
2063,mobley_994483~mobley_2008055,0.11802,0.0
2064,mobley_994483~mobley_2049967,0.0591,0.0
2065,mobley_994483~mobley_2068538,0.10171,0.0
2066,mobley_994483~mobley_210639,0.00790167,0.0
2067,mobley_994483~mobley_2198613,0.07918,0.0
2068,mobley_994483~mobley_2310185,0.09878,0.0
2069,mobley_994483~mobley_2410897,0.09782,0.0
2070,mobley_994483~mobley_2493732,0.10326,0.0
2071,mobley_994483~mobley_2802855,0.14482,0.0
2072,mobley_994483~mobley_299266,0.13501,0.0
2073,mobley_994483~mobley_303222,0.1559,0.0
2074,mobley_994483~mobley_3034976,0.15669,0.0
2075,mobley_994483~mobley_3370989,0.09835,0.0
2076,mobley_994483~mobley_3867265,0.14574,0.0
2077,mobley_994483~mobley_3999471,0.02119667,0.0
2078,mobley_994483~mobley_4305650,0.08872,0.0
2079,mobley_994483~mobley_4465023,0.13997,0.0
2080,mobley_994483~mobley_4639255,0.14264,0.0
2081,mobley_994483~mobley_511661,0.13705,0.0
2082,mobley_994483~mobley_5157661,0.07058,0.0
2083,mobley_994483~mobley_6091882,0.16072,0.0
2084,mobley_994483~mobley_627267,0.13522,0.0
2085,mobley_994483~mobley_6474572,0.13112,0.0
2086,mobley_994483~mobley_6632459,0.02576333,0.0
2087,mobley_994483~mobley_6911232,0.08855,0.0
2088,mobley_994483~mobley_7099614,0.11342,0.0
2089,mobley_994483~mobley_7532833,0.15192,0.0
2090,mobley_994483~mobley_7708038,0.15911,0.0
2091,mobley_994483~mobley_7768165,0.12872,0.0
2092,mobley_994483~mobley_8260524,0.15203,0.0
2093,mobley_994483~mobley_8983100,0.15873,0.0
2094,mobley_994483~mobley_9246351,0.16079,0.0
2095,mobley_994483~mobley_9434451,0.15733,0.0
2096,mobley_9979854~mobley_3006808,0.16319,0.0
